순위,브랜드명,본사 상호,업종,가맹점수 2022말,가맹점수 2023말,가맹점수 2024말,1년 증감(개),1년 증감률(%),2년 증감(개),2년 증감률(%),추세,2024 신규개점,2024 계약종료·해지,평균매출(천원)
310,제육대가,(주)대가패밀리,기타 외식,111,105,100,-5,-4.8,-11,-9.9,3년 연속 감소,9,14,289257
311,오븐에 꾸운 닭,계림F&C,치킨,120,108,100,-8,-7.4,-20,-16.7,3년 연속 감소,3,11,206515
312,코리안바베큐,(주)티비비씨,치킨,112,107,100,-7,-6.5,-12,-10.7,3년 연속 감소,2,9,165349
313,막창도둑,(주)엠디푸드시스템,기타 외식,107,106,99,-7,-6.6,-8,-7.5,3년 연속 감소,5,12,325828
314,에그드랍(EGGDROP),(주)에그드랍,기타 외식,,152,99,-53,-34.9,,,감소,0,53,314899
315,미태리,(주)트루팜,서양식,72,87,99,12,13.8,27,37.5,3년 연속 증가,22,10,299131
316,인생극장,(주)에이치티코리아,한식,152,145,99,-46,-31.7,-53,-34.9,3년 연속 감소,10,34,280751
317,노군꼬치,(주)리앤브라더스컴퍼니,기타 외식,70,101,99,-2,-2,29,41.4,감소,10,12,223693
318,몬스터커피,㈜몬스터,커피,66,80,99,19,23.8,33,50,3년 연속 증가,21,2,220010
319,도야족발보쌈,(주)도야에프앤비,한식,119,106,98,-8,-7.5,-21,-17.6,3년 연속 감소,5,13,289812
320,배고픈덮밥이,코흐(주),한식,,84,98,14,16.7,,,증가,30,16,267420
321,토프레소,(주)에스앤큐플러스,커피,159,129,98,-31,-24,-61,-38.4,3년 연속 감소,0,31,68407
322,최강곱도리,(주)메종이츠,한식,,99,98,-1,-1,,,감소,36,37,
323,싸다김밥,(주)참에프앤디,분식,71,82,97,15,18.3,26,36.6,3년 연속 증가,17,2,862037
324,담소 소사골 순대 육개장,(주)담소이야기,기타 외식,104,104,97,-7,-6.7,-7,-6.7,감소,7,14,481095
325,아비꼬,쿠산코리아(주),기타 외식,94,95,97,2,2.1,3,3.2,3년 연속 증가,14,12,442875
326,트리플에이커피,(주)트리플컴퍼니,커피,64,85,97,12,14.1,33,51.6,3년 연속 증가,12,0,168831
327,신참떡볶이,(주)신참에프앤씨,분식,198,144,97,-47,-32.6,-101,-51,3년 연속 감소,4,51,128751
328,카페베네,(주)카페베네,음료 (커피 외),168,119,96,-23,-19.3,-72,-42.9,3년 연속 감소,0,23,192436
329,라화쿵부,회풍식품(주),중식,131,120,96,-24,-20,-35,-26.7,3년 연속 감소,5,29,176123
330,그집곱닭도리탕,그집푸드,한식,64,66,96,30,45.5,32,50,3년 연속 증가,58,28,
331,고피자(GOPIZZA),(주)고피자,피자,108,105,95,-10,-9.5,-13,-12,3년 연속 감소,26,30,311027
332,팔팔포장마차,(주)위대한사람들,주점,37,80,95,15,18.8,58,156.8,3년 연속 증가,30,15,268784
333,설맥(SEOL MAC),(주)설맥,주점,63,92,95,3,3.3,32,50.8,3년 연속 증가,22,19,238974
334,대구반야월막창,(주)대구반야월막창,기타 외식,111,103,95,-8,-7.8,-16,-14.4,3년 연속 감소,7,16,175573
335,로띠번,(주)로띠번코리아,제과제빵,88,87,95,8,9.2,7,8,증가,12,4,105336
336,우리집다음에맛있는집양평해장국,(주)우리집다음에맛있는집,기타 외식,106,99,94,-5,-5.1,-12,-11.3,3년 연속 감소,10,15,350083
337,박가부대,원앤원(주),한식,92,90,94,4,4.4,2,2.2,증가,19,15,261797
338,구름계란덮밥,(주)가치푸드,한식,33,86,94,8,9.3,61,184.8,3년 연속 증가,27,18,236894
339,하루엔소쿠,(주)하루에프앤비,일식,95,97,94,-3,-3.1,-1,-1.1,감소,23,26,236352
340,피자스톰,(주)테이블코드,피자,74,100,94,-6,-6,20,27,감소,11,17,228717
341,고반식당,(주)고반홀딩스,기타 외식,91,117,93,-24,-20.5,2,2.2,감소,11,35,571109
342,송담추어탕,(주)송담,한식,93,91,93,2,2.2,0,0,증가,13,11,474442
343,길동우동,(주)온다푸드,기타 외식,59,79,93,14,17.7,34,57.6,3년 연속 증가,26,14,411835
344,무지개맥주,(주)시선프랜차이즈,주점,112,103,93,-10,-9.7,-19,-17,3년 연속 감소,10,20,311253
345,윤이불닭발,(주)블러프컴퍼니,기타 외식,84,91,93,2,2.2,9,10.7,3년 연속 증가,16,14,303952
346,도로시파스타,(주)탑라이너에프에스,서양식,96,106,93,-13,-12.3,-3,-3.1,감소,9,20,212204
347,더꼬치다,(주)트러스트,기타 외식,121,93,93,0,0,-28,-23.1,유지,21,21,84144
348,조선화로닭발,(주)트러스트,한식,,81,93,12,14.8,,,증가,24,12,
349,새마을식당,(주)더본코리아,한식,109,101,92,-9,-8.9,-17,-15.6,3년 연속 감소,8,17,599269
350,마라공방,에이치와이코리아(주),중식,69,87,92,5,5.7,23,33.3,3년 연속 증가,12,7,590865
351,인생닭강정,(주)인생닭강정,치킨,134,128,92,-36,-28.1,-42,-31.3,3년 연속 감소,10,46,150408
352,DK동키치킨,디케이팩토리(DKFACTORY),치킨,102,99,92,-7,-7.1,-10,-9.8,3년 연속 감소,4,11,126266
353,이백장 돈가스,(주)에쓰와이프랜차이즈,분식,169,135,92,-43,-31.9,-77,-45.6,3년 연속 감소,4,47,84222
354,커피마마,티에고(주),커피,128,108,92,-16,-14.8,-36,-28.1,3년 연속 감소,3,19,82738
355,요달의찜닭,(주)하랑푸드,한식,93,101,91,-10,-9.9,-2,-2.2,감소,9,19,223418
356,발도스커피(valdos coffee),조이풀컴퍼니(주),커피,69,83,91,8,9.6,22,31.9,3년 연속 증가,21,13,145638
357,수유리혼밥왕,(주)마스터아이디,한식,119,100,91,-9,-9,-28,-23.5,3년 연속 감소,49,58,57010
358,라라코스트(raracost),(주)라라에프앤비(RARAF&amp;B),기타 외식,95,93,90,-3,-3.2,-5,-5.3,3년 연속 감소,10,13,646784
359,국밥참맛있는집,(주)큐아이그룹,한식,61,68,90,22,32.4,29,47.5,3년 연속 증가,35,13,372916
360,송사부고로케,(주)마스터에프엔비,제과제빵,,94,90,-4,-4.3,,,감소,10,14,255884
361,쿠우쿠우,(주)쿠우쿠우,일식,83,80,89,9,11.3,6,7.2,증가,15,6,4807131
362,짬뽕지존,투맨홀딩스(주),중식,,89,89,0,0,,,유지,7,7,1457708
363,김종구부산어묵,㈜김종구참푸드,분식,,82,89,7,8.5,,,증가,23,16,264900
364,진이찬방,진이푸드(주),한식,,103,89,-14,-13.6,,,감소,16,30,165403
365,팔공티,(주)피앤에프,음료 (커피 외),220,142,89,-53,-37.3,-131,-59.5,3년 연속 감소,0,53,100018
366,홍익돈까스,(주)홍익,서양식,93,88,88,0,0,-5,-5.4,유지,3,3,718530
367,고돼지,(주)앤리치,기타 외식,64,85,88,3,3.5,24,37.5,3년 연속 증가,24,21,278039
368,싸다아구찜&탕,디엔에스푸드(D&SFOOD),한식,35,34,88,54,158.8,53,151.4,증가,60,6,219925
369,노량진의 전설 미스사이공(miss420),(주)피알오지,기타 외국식,118,96,88,-8,-8.3,-30,-25.4,3년 연속 감소,5,13,159963
370,자가제빵 선명희피자,(주)더온에프앤비,피자,84,87,87,0,0,3,3.6,유지,7,7,288244
371,명가통닭,(주)명가참푸드,치킨,75,74,87,13,17.6,12,16,증가,23,10,223013
372,명인만두,(주)명인에프엔비,분식,99,91,87,-4,-4.4,-12,-12.1,3년 연속 감소,8,12,189507
373,고래맥주창고,(주)고래맥주창고,주점,97,104,87,-17,-16.3,-10,-10.3,감소,13,30,182491
374,이것이국밥이다,별하익스프레스(주),한식,122,125,87,-38,-30.4,-35,-28.7,감소,13,51,104370
375,파스타앤우,파스타앤우,서양식,20,,87,,,67,335,증가(2년 비교),66,14,48438
376,버거리(BURGERRY),(주)보승에프앤비,패스트푸드,,44,86,42,95.5,,,증가,44,2,485991
377,꼬지사께,(주)에쓰와이프랜차이즈,주점,99,99,86,-13,-13.1,-13,-13.1,감소,11,24,147460
378,난타5000피자,(유)난타5000,피자,105,90,86,-4,-4.4,-19,-18.1,3년 연속 감소,3,7,118598
379,홍콩할매닭발명가,삼정식품,한식,,,86,,,,,이전 자료 없음,49,45,40230
380,일품대패,(주)도담푸드앤체인,한식,12,53,85,32,60.4,73,608.3,3년 연속 증가,32,0,974274
381,대동집,(유)대동상회,한식,92,94,85,-9,-9.6,-7,-7.6,감소,3,12,411224
382,만복집,(주)은혜푸드,기타 외식,,,85,,,,,이전 자료 없음,5,11,283107
383,와플칸,(주)와플칸,기타 외식,128,115,85,-30,-26.1,-43,-33.6,3년 연속 감소,8,38,130621
384,봉명가닭도리탕,(주)비엠디,한식,1,19,85,66,347.4,84,8400,3년 연속 증가,75,9,96902
385,순수타코,(주)디에이치엠에프앤비,기타 외식,,,85,,,,,이전 자료 없음,9,19,14360
386,맛찬들왕소금구이,(주)맛찬들,한식,85,91,84,-7,-7.7,-1,-1.2,감소,4,11,1310647
387,달롱도르요거트아이스크림,(주)화이트빌,아이스크림/빙수,,5,84,79,1580,,,증가,81,2,237691
388,태리로제떡볶이&닭강정,(주)캔푸드,분식,181,108,84,-24,-22.2,-97,-53.6,3년 연속 감소,7,31,158320
389,만랩커피,(주)만랩,커피,125,107,84,-23,-21.5,-41,-32.8,3년 연속 감소,1,23,139825
390,타코비,(주)타코비코리아,기타 외식,46,91,84,-7,-7.7,38,82.6,감소,12,19,104221
391,육만사,(HG)푸드,한식,79,76,84,8,10.5,5,6.3,증가,34,26,51392
392,88제육,에이치엠푸드,한식,,,83,,,,,이전 자료 없음,21,27,519477
393,육회왕자연어공주,(주)케이씨에프앤비,한식,70,86,83,-3,-3.5,13,18.6,감소,23,26,292765
394,청담동말자싸롱,(주)금탑에프앤비,기타 외식,86,86,83,-3,-3.5,-3,-3.5,감소,7,10,120519
395,디디치킨(DD치킨),(주)디디에프엔비,치킨,114,101,83,-18,-17.8,-31,-27.2,3년 연속 감소,16,34,105324
396,인생건어물맥주,(주)인맥에프엔씨,주점,,97,83,-14,-14.4,,,감소,16,30,6289
397,김치찜은못참지,(주)해랑에프엔비,한식,27,77,82,5,6.5,55,203.7,3년 연속 증가,8,3,358855
398,"떡볶이 참 잘하는 집, 떡참",(주)기영에프앤비,분식,321,119,82,-37,-31.1,-239,-74.5,3년 연속 감소,11,48,208473
399,할머니가래떡볶이,(주)나도람에프씨,분식,112,109,82,-27,-24.8,-30,-26.8,3년 연속 감소,14,38,191590
400,리얼펍,(주)푸드스토리,주점,42,73,82,9,12.3,40,95.2,3년 연속 증가,29,20,179971
401,그놈포차,(주)그놈들컴퍼니,주점,50,74,82,8,10.8,32,64,3년 연속 증가,25,17,157451
402,감동까스,푸드딜라이트,한식,76,,82,,,6,7.9,증가(2년 비교),22,37,121640
403,담아내다,(주)유니쉐프딜리버리,한식,46,104,82,-22,-21.2,36,78.3,감소,28,50,101162
404,롱쓰부대찌개,(주)위고컴퍼니,한식,88,89,82,-7,-7.9,-6,-6.8,감소,20,27,
405,포메인,(주)데일리킹,기타 외식,107,95,81,-14,-14.7,-26,-24.3,3년 연속 감소,0,14,481450
406,택이네 조개전골,(주)이앤에프앤씨,한식,57,81,81,0,0,24,42.1,유지,12,12,432043
407,샐러리아 SALARIA,샐러리아안산본점,커피,14,45,81,36,80,67,478.6,3년 연속 증가,40,4,362221
408,모리커피,㈜모리씨앤비,커피,48,64,81,17,26.6,33,68.8,3년 연속 증가,18,1,171399
409,오마뎅,(주)오마뎅,분식,86,90,81,-9,-10,-5,-5.8,감소,11,20,142232
410,행복한찜닭,에이치에프비지(주),한식,98,85,81,-4,-4.7,-17,-17.3,3년 연속 감소,26,30,135803
411,볶음밥도사,신스패밀리,한식,1,62,81,19,30.6,80,8000,3년 연속 증가,25,6,113080
412,물회&회덮밥9900원,(주)큐알컴퍼니,일식,,,81,,,,,이전 자료 없음,13,28,36070
413,도야짬뽕,(주)도야에프앤비,중식,40,65,80,15,23.1,40,100,3년 연속 증가,20,5,634034
414,둘둘치킨,(주)일동인터내쇼날,치킨,85,82,80,-2,-2.4,-5,-5.9,3년 연속 감소,6,8,300123
415,무모한 초밥,(주)하율홀딩스,일식,135,117,80,-37,-31.6,-55,-40.7,3년 연속 감소,4,41,261641
416,강다짐,명랑시대외식청년창업협동조합,분식,56,74,80,6,8.1,24,42.9,3년 연속 증가,9,3,222195
417,편편집,(주)유엔아이에프씨,한식,1,48,79,31,64.6,78,7800,3년 연속 증가,35,4,830064
418,옥된장,(주)옥된장에프엔비,한식,,,79,,,,,이전 자료 없음,64,1,611419
419,북창동순두부,(주)디코레,한식,64,74,79,5,6.8,15,23.4,3년 연속 증가,18,13,520778
420,콩심,(주)맛있는푸드,기타 외식,96,87,79,-8,-9.2,-17,-17.7,3년 연속 감소,7,15,416812
421,쉬즈베이글 커피,(주)쉬즈베이글,기타 외식,65,,79,,,14,21.5,증가(2년 비교),6,2,282373
422,걸작떡볶이치킨,(주)위드인푸드,분식,155,103,79,-24,-23.3,-76,-49,3년 연속 감소,9,33,182928
423,다복향 마라탕,㈜다복향,기타 외국식,60,79,79,0,0,19,31.7,유지,11,11,175971
424,내가닭도리탕이다,(주)하랑푸드,한식,66,78,79,1,1.3,13,19.7,3년 연속 증가,12,11,85582
425,화평댁닭구이,(주)더킹에프엔씨,치킨,,79,79,0,0,,,유지,44,44,43657
426,빙동댕,(주)시원한여자들,아이스크림/빙수,,,79,,,,,이전 자료 없음,79,0,
427,미카도스시,(주)올바른에프앤비,일식,63,69,78,9,13,15,23.8,3년 연속 증가,19,10,1065704
428,삼동소바,(주)삼동에프앤비,일식,15,43,78,35,81.4,63,420,3년 연속 증가,35,0,781902
429,맛있는 고기에 솜씨를 더하다,(주)더하다FnC,한식,65,79,78,-1,-1.3,13,20,감소,4,5,624228
430,씨네마얼음맥주,(주)신참에프엔씨,기타 외식,19,32,78,46,143.8,59,310.5,3년 연속 증가,49,3,261750
431,등뼈家,(주)푸드윈,한식,79,76,78,2,2.6,-1,-1.3,증가,4,2,243476
432,국민낙곱새,(주)더국민푸드,한식,14,82,78,-4,-4.9,64,457.1,감소,8,12,193299
433,배터지는생동까스,(주)진진에프씨,일식,90,84,78,-6,-7.1,-12,-13.3,3년 연속 감소,7,13,179759
434,병아리김밥,엔와이앤컴퍼니(주),기타 외식,1,61,78,17,27.9,77,7700,3년 연속 증가,24,7,138629
435,장충동왕족발보쌈,(주)장충동왕족발,한식,87,79,78,-1,-1.3,-9,-10.3,3년 연속 감소,7,8,113248
436,제육의 법칙,(주)디에스푸드,한식,36,83,78,-5,-6,42,116.7,감소,33,38,90555
437,압구정화로구이,(주)브랜드메이트,한식,2,39,77,38,97.4,75,3750,3년 연속 증가,46,8,534112
438,쌀통닭,(주)호림,치킨,82,74,77,3,4.1,-5,-6.1,증가,14,11,233400
439,커피사피엔스,(주)커피사피엔스,커피,67,81,77,-4,-4.9,10,14.9,감소,9,13,176277
440,와우당 냉면,그집푸드,한식,29,76,77,1,1.3,48,165.5,3년 연속 증가,43,42,
441,봉자막창,봉자막창,한식,32,60,76,16,26.7,44,137.5,3년 연속 증가,33,17,441655
442,구도로통닭,(주)구도로,치킨,75,96,76,-20,-20.8,1,1.3,감소,8,28,430526
443,냠냠숯불두마리치킨,(주)냠냠푸드,치킨,72,80,76,-4,-5,4,5.6,감소,10,14,184594
444,뉴욕야시장,리치푸드(주),주점,85,105,76,-29,-27.6,-9,-10.6,감소,18,21,171416
445,달.콤(dal.komm),(주)다날에프엔비,커피,,,76,,,,,이전 자료 없음,21,18,160311
446,혜화동 돈까스극장,(주)골든카우보이,기타 외식,98,90,76,-14,-15.6,-22,-22.4,3년 연속 감소,5,19,79903
447,모락떡볶이,(주)채움푸드,분식,,39,76,37,94.9,,,증가,48,11,68122
448,육쌈냉면,(주)육쌈,한식,96,83,75,-8,-9.6,-21,-21.9,3년 연속 감소,4,11,440299
449,국밥생각,(주)국밥생각,한식,,22,75,53,240.9,,,증가,59,6,272266
450,노가리&BEER,(주)티엘에프앤씨,기타 외식,112,,75,,,-37,-33,감소(2년 비교),4,20,202794
451,뿅가야채곱창,원에프씨(주),기타 외식,80,85,75,-10,-11.8,-5,-6.2,감소,22,32,54611
452,현풍닭칼국수,(주)지앤씨신칼,한식,66,72,74,2,2.8,8,12.1,3년 연속 증가,16,14,475716
453,자연정가 양평해장국,(유)제이에프씨,한식,71,75,74,-1,-1.3,3,4.2,감소,5,6,397691
454,브라운돈까스,(주)브라운에프앤씨,기타 외식,62,66,74,8,12.1,12,19.4,3년 연속 증가,21,12,253208
455,원유로스페셜티커피,(주)비아이랩,커피,86,82,74,-8,-9.8,-12,-14,3년 연속 감소,10,18,95160
456,방가네소고기국밥수육,(주)미래원에프앤씨,한식,60,73,74,1,1.4,14,23.3,3년 연속 증가,16,17,61955
457,1번지통닭,(주)원쓰푸드,치킨,,63,73,10,15.9,,,증가,19,9,348526
458,맛깔참죽,(주)맛깔,한식,95,83,73,-10,-12,-22,-23.2,3년 연속 감소,2,12,115876
459,캠토토스트,(주)주안,기타 외식,81,79,73,-6,-7.6,-8,-9.9,3년 연속 감소,4,10,
460,지호한방삼계탕,(주)지호,한식,76,72,72,0,0,-4,-5.3,유지,4,4,486968
461,참이맛감자탕,(주)참이맛,한식,72,72,72,0,0,0,0,유지,14,14,459172
462,정통집,(주)진담에프앤비,한식,79,78,72,-6,-7.7,-7,-8.9,3년 연속 감소,4,9,355564
463,오늘통닭,(주)대현푸드빌,치킨,80,72,72,0,0,-8,-10,유지,34,34,220295
464,청솔로9,(주)아이피케이,커피,65,81,72,-9,-11.1,7,10.8,감소,7,16,159308
465,무청감자탕,(주)올에프엔비,한식,5,48,71,23,47.9,66,1320,3년 연속 증가,34,10,503355
466,왓더버거,라이징스타(주),패스트푸드,23,38,71,33,86.8,48,208.7,3년 연속 증가,38,7,457795
467,고집센그집갈비탕,(주)그집푸드,한식,64,67,71,4,6,7,10.9,3년 연속 증가,5,1,439269
468,대패가1900,(주)에스에이치컴퍼니,기타 외식,84,79,71,-8,-10.1,-13,-15.5,3년 연속 감소,11,19,259810
469,이춘봉치킨,(주)마스터아이디,치킨,89,84,71,-13,-15.5,-18,-20.2,3년 연속 감소,15,28,48060
470,맛나감자탕,리브가푸드시스템(주),한식,75,72,70,-2,-2.8,-5,-6.7,3년 연속 감소,3,5,668943
471,효자동솥뚜껑삼겹살감자탕순대국,바른창업(주),한식,3,43,70,27,62.8,67,2233.3,3년 연속 증가,41,14,416159
472,웅이네 오돌뼈,(주)웅자네푸드,기타 외식,94,89,70,-19,-21.3,-24,-25.5,3년 연속 감소,6,25,283153
473,샐러디아,그린팜에프앤씨,한식,53,75,70,-5,-6.7,17,32.1,감소,19,24,272513
474,충만치킨,(주)씨엠치킨,치킨,99,87,70,-17,-19.5,-29,-29.3,3년 연속 감소,2,13,195671
475,계동치킨,(주)신성유통,치킨,86,78,70,-8,-10.3,-16,-18.6,3년 연속 감소,1,9,157182
476,아부찌부대찌개,(주)에이에이치,한식,,79,70,-9,-11.4,,,감소,4,13,70667
477,부산아지매국밥,(주)제이엘푸드,한식,57,66,69,3,4.5,12,21.1,3년 연속 증가,26,23,263047
478,꾸이한끼,닭터박,기타 외식,128,,69,,,-59,-46.1,감소(2년 비교),18,46,201128
479,백스비어,(주)더본코리아,주점,86,79,69,-10,-12.7,-17,-19.8,3년 연속 감소,8,18,176516
480,호시타코야끼,(주)버너클래스,분식,30,64,69,5,7.8,39,130,3년 연속 증가,16,11,165927
481,짝태&노가리,(주)피엘오하모니,주점,,81,69,-12,-14.8,,,감소,3,15,155023
482,돈까스짱,(주)먹깨비푸드,기타 외식,68,71,69,-2,-2.8,1,1.5,감소,6,8,152034
483,수내닭꼬치,(주)현풍,기타 외식,115,110,69,-41,-37.3,-46,-40,3년 연속 감소,7,48,112193
484,이동규인왔따쪽갈비,(주)더블유디,한식,66,88,69,-19,-21.6,3,4.5,감소,17,36,59345
485,모토이시,(주)모토이시,일식,23,53,68,15,28.3,45,195.7,3년 연속 증가,18,3,676257
486,상상오리,(주)상상에프앤비,한식,,,68,,,,,이전 자료 없음,68,0,547651
487,남가네설악추어탕,(주)미라지식품,기타 외식,71,,68,,,-3,-4.2,감소(2년 비교),2,4,309134
488,비스트로피자,(주)글로비,패스트푸드,99,87,68,-19,-21.8,-31,-31.3,3년 연속 감소,3,22,279567
489,마선생마약국밥,(주)올림엔터프라이즈,한식,71,73,68,-5,-6.8,-3,-4.2,감소,18,23,276166
490,아주커,(주)에이에프씨코리아,치킨,68,70,68,-2,-2.9,0,0,감소,0,2,260882
491,스트릿츄러스,(주)솔라벨,제과제빵,53,57,68,11,19.3,15,28.3,3년 연속 증가,23,8,237855
492,고망고,(주)프로젝트비,음료 (커피 외),33,52,68,16,30.8,35,106.1,3년 연속 증가,28,14,177226
493,만타스시31,(주)에이치엔디푸드,일식,103,90,68,-22,-24.4,-35,-34,3년 연속 감소,0,20,171478
494,별난아재맥주,(주)별난사람들,주점,61,65,68,3,4.6,7,11.5,3년 연속 증가,22,25,127186
495,두부만드는사람들,(주)공존컴퍼니,한식,82,73,68,-5,-6.8,-14,-17.1,3년 연속 감소,4,9,87709
496,카페인24,(주)카페인24,커피,,35,68,33,94.3,,,증가,35,2,61185
497,림스치킨,림스상사(림스고려인삼홍삼상사),치킨,59,64,68,4,6.3,9,15.3,3년 연속 증가,7,3,
498,언양닭칼국수,SSF&C,한식,47,58,67,9,15.5,20,42.6,3년 연속 증가,9,2,526495
499,명태어장,(주)케이더블유에프,한식,53,57,67,10,17.5,14,26.4,3년 연속 증가,15,5,389688
500,수백당,(주)수백당,한식,33,77,67,-10,-13,34,103,감소,14,24,384328
501,동경에서먹었던규동,(주)어반푸드랩,일식,49,65,67,2,3.1,18,36.7,3년 연속 증가,10,11,358729
502,백돈,백돈컴퍼니,기타 외식,8,58,67,9,15.5,59,737.5,3년 연속 증가,21,12,335628
503,짚신매운갈비찜,(주)음식생각,한식,89,79,67,-12,-15.2,-22,-24.7,3년 연속 감소,3,15,301183
504,유미카츠,(주)호윤크리에이티브,일식,54,68,67,-1,-1.5,13,24.1,감소,10,11,269210
505,싸움의고수,(주)란체스터그룹,기타 외식,,99,67,-32,-32.3,,,감소,3,31,237384
506,COFFEE COOK (커피쿡),(주)빅트리컴퍼니,커피,42,56,67,11,19.6,25,59.5,3년 연속 증가,16,6,170460
507,커피나인,(주)커피나인컴퍼니,커피,,41,67,26,63.4,,,증가,27,1,133191
508,더치앤빈,(주)진심코리아,커피,,87,67,-20,-23,,,감소,3,23,123678
509,올떡,(주)지엔에스올떡,분식,75,74,67,-7,-9.5,-8,-10.7,3년 연속 감소,3,10,89968
510,숯불에닭,(주)그루온,한식,37,63,66,3,4.8,29,78.4,3년 연속 증가,9,6,365665
511,퀴즈노스서브,(주)유썸,패스트푸드,85,82,66,-16,-19.5,-19,-22.4,3년 연속 감소,3,19,271324
512,정성카츠,(주)정성컴퍼니,기타 외식,43,52,66,14,26.9,23,53.5,3년 연속 증가,29,15,215756
513,한양화로,(주)바나바에프앤비,한식,1,61,65,4,6.6,64,6400,3년 연속 증가,35,32,490379
514,유가네한우곰탕,(주)유가네,한식,69,72,65,-7,-9.7,-4,-5.8,감소,15,22,238487
515,브라더한정식도시락,(주)브라더에프앤에이치,한식,34,39,65,26,66.7,31,91.2,3년 연속 증가,34,8,211335
516,과일담은 요거트 맛집 요맛,더히얼컴퍼니,아이스크림/빙수,,26,65,39,150,,,증가,47,8,207471
517,영커피,(주)영투게더컴퍼니,커피,31,47,65,18,38.3,34,109.7,3년 연속 증가,22,4,207151
518,방일해장국,(주)방일에프씨,한식,66,,65,,,-1,-1.5,감소(2년 비교),2,3,205591
519,컬투치킨,(주)컬투에프앤비,치킨,72,70,65,-5,-7.1,-7,-9.7,3년 연속 감소,4,9,185614
520,두레통닭,(주)도담에프앤에스,치킨,33,56,65,9,16.1,32,97,3년 연속 증가,23,14,174698
521,지지고(GGGO),(주)더블유엔씨,분식,62,60,65,5,8.3,3,4.8,증가,10,5,110150
522,박군치킨,(주)홈델리,치킨,75,72,65,-7,-9.7,-10,-13.3,3년 연속 감소,8,6,99599
523,파스타에반하다,신스패밀리,서양식,11,75,65,-10,-13.3,54,490.9,감소,12,22,93049
524,상록회관 연탄구이,(주)베이스,한식,,18,64,46,255.6,,,증가,48,2,721775
525,서오릉피자,(주)서오릉에프앤비,피자,59,63,64,1,1.6,5,8.5,3년 연속 증가,2,1,713236
526,일일수작,(주)위너스에프앤디,주점,5,60,64,4,6.7,59,1180,3년 연속 증가,15,11,698969
527,달떡볶이,세화푸드,분식,51,57,64,7,12.3,13,25.5,3년 연속 증가,13,6,424088
528,동네커피,디엔컴퍼니,커피,48,65,64,-1,-1.5,16,33.3,감소,2,3,63360
529,삼겹본능,(주)놀부,한식,155,112,64,-48,-42.9,-91,-58.7,3년 연속 감소,1,49,50079
530,차얌,(주)프로젝트비,음료 (커피 외),126,95,64,-31,-32.6,-62,-49.2,3년 연속 감소,1,32,36168
531,치교치밥&치킨,(주)아이언가이즈,기타 외식,121,89,64,-25,-28.1,-57,-47.1,3년 연속 감소,4,27,33688
532,한끼한죽,다림푸드(주),한식,132,106,64,-42,-39.6,-68,-51.5,3년 연속 감소,11,54,14469
533,칠봉통닭,(주)신라외식개발,치킨,,64,64,0,0,,,유지,0,0,12687
534,마포냉면 숯불구이,(주)모아드림에프앤비,한식,,60,64,4,6.7,,,증가,19,15,5350
535,백남옥달인손만두,원미가,기타 외식,32,47,63,16,34,31,96.9,3년 연속 증가,26,10,777734
536,솔솥,(주)솔솥,한식,36,51,63,12,23.5,27,75,3년 연속 증가,19,7,668099
537,교반,교반F&S,한식,76,63,63,0,0,-13,-17.1,유지,3,3,210337
538,유로코피자(EUROKO PIZZA),(주)유로코푸드,피자,,69,63,-6,-8.7,,,감소,20,26,180405
539,명랑부대찌개&낙곱새,(주)명랑식품,한식,,,63,,,,,이전 자료 없음,7,9,175490
540,놀부보쌈족발,(주)놀부,한식,134,103,63,-40,-38.8,-71,-53,3년 연속 감소,4,44,124178
541,배무치숯불두마리치킨,(주)세현에프앤비,치킨,,21,63,42,200,,,증가,48,6,35149
542,식사하세요,별하익스프레스(주),한식,,,63,,,,,이전 자료 없음,63,0,
543,짬뽕관,(주)짬뽕관,중식,16,34,62,28,82.4,46,287.5,3년 연속 증가,31,3,1028550
544,스쿨푸드,(주)에스에프이노베이션,분식,77,68,62,-6,-8.8,-15,-19.5,3년 연속 감소,4,10,691222
545,화이트리에,(주)화이트리에,제과제빵,,16,62,46,287.5,,,증가,42,1,690346
546,헤즈업,㈜헤즈업,주점,19,33,62,29,87.9,43,226.3,3년 연속 증가,30,1,337855
547,돈카츠마켙,돈카츠마켙가맹본부,서양식,87,77,62,-15,-19.5,-25,-28.7,3년 연속 감소,3,18,282845
548,토리키치,(주)어시스트키친,기타 외식,,16,62,46,287.5,,,증가,47,1,220952
549,킹치찌개찜,(주)에스에이치컴퍼니,한식,53,63,62,-1,-1.6,9,17,감소,20,21,131431
550,오늘은전골,(주)더국민푸드,한식,,34,62,28,82.4,,,증가,37,9,45845
551,홍대쌀국수,(주)홍대푸드,기타 외국식,61,69,62,-7,-10.1,1,1.6,감소,4,11,
552,해탄,제이엠티(주),한식,,13,61,48,369.2,,,증가,49,1,731849
553,망향비빔국수,블루밀,한식,54,,61,,,7,13,증가(2년 비교),5,6,519302
554,화화돼지왕갈비,(주)미소에프엔씨,기타 외식,51,64,61,-3,-4.7,10,19.6,감소,11,14,498165
555,더진국,"(주)섬김과나눔(F&CCo.,Ltd.)",한식,,75,61,-14,-18.7,,,감소,8,22,448210
556,제주옥탑,(주)제이제이에프앤비(JJF&B),한식,30,,61,,,31,103.3,증가(2년 비교),6,6,426588
557,한라맥주,(유)앤드웍스,주점,35,66,61,-5,-7.6,26,74.3,감소,6,9,332848
558,1도씨맥주(1℃ 맥주),(주)우리듬,주점,56,64,61,-3,-4.7,5,8.9,감소,8,11,211760
559,케이엠지엠홀덤앤이벤트펍(KMGM HOLD’EM & EVENT PUB),(주)엔케이코리아,주점,,64,61,-3,-4.7,,,감소,10,13,144867
560,홍춘천,(주)에이치푸드빌,한식,80,66,61,-5,-7.6,-19,-23.7,3년 연속 감소,10,15,78588
561,피자파는집,피자파는집(주),피자,,72,61,-11,-15.3,,,감소,6,17,
562,준코노래타운,(주)준코,주점,46,54,60,6,11.1,14,30.4,3년 연속 증가,7,1,748028
563,화로상회,(주)하마에프씨,기타 외식,54,64,60,-4,-6.2,6,11.1,감소,5,9,572286
564,어처구니없는두릉도원북촌순두부,이제이피(주),한식,54,56,60,4,7.1,6,11.1,3년 연속 증가,7,3,466186
565,월간맥주,삼정프랜차이즈,주점,24,46,60,14,30.4,36,150,3년 연속 증가,19,5,422924
566,찐하오 마라탕,(주)에스와이제이컴퍼니,중식,,50,60,10,20,,,증가,16,6,265706
567,아마스빈코리아,(주)스토어하우스,음료 (커피 외),84,72,60,-12,-16.7,-24,-28.6,3년 연속 감소,5,17,180089
568,아재불닭발,제이에이치랩,한식,27,43,60,17,39.5,33,122.2,3년 연속 증가,29,12,83786
569,우주라이크(WOULDULIKE),키스톤에프앤비(주),커피,114,79,60,-19,-24.1,-54,-47.4,3년 연속 감소,1,17,65235
570,감성낙곱새,(주)에이치엔푸드,한식,,109,60,-49,-45,,,감소,1,50,62842
571,또띠아그램,엠피비에프앤비(MPBF&B),기타 외국식,,60,60,0,0,,,유지,0,0,
572,달빛경성술집,(주)제이에프앤디,주점,,60,60,0,0,,,유지,0,0,
573,샤브20,(주)에스이컴퍼니,한식,17,28,59,31,110.7,42,247.1,3년 연속 증가,28,0,2477226
574,교동면옥,(주)교동F&B,한식,48,54,59,5,9.3,11,22.9,3년 연속 증가,9,4,1031794
575,하륜일만족발,(주)겨자씨컴퍼니,한식,49,38,59,21,55.3,10,20.4,증가,42,21,362398
576,뜸들이다,(주)뜸들이다,한식,84,75,59,-16,-21.3,-25,-29.8,3년 연속 감소,3,19,230669
577,피자와썹,(주)와썹브로,피자,21,49,59,10,20.4,38,181,3년 연속 증가,15,5,219592
578,한남동그집,이심전심(주),주점,61,70,59,-11,-15.7,-2,-3.3,감소,15,26,160544
579,지정환피자,(주)정담에프에스,패스트푸드,65,60,59,-1,-1.7,-6,-9.2,3년 연속 감소,2,3,152030
580,Egg2000,(주)빅사이즈푸드,기타 외식,28,50,59,9,18,31,110.7,3년 연속 증가,28,19,56235
581,파스타도 식사다,홍익에프앤비(유),기타 외국식,50,48,59,11,22.9,9,18,증가,11,0,56105
582,나는문어,(주)제이앤제이코퍼레이션,기타 외식,,,59,,,,,이전 자료 없음,59,0,53759
583,육개장명인육선생,(주)보금,한식,,,59,,,,,이전 자료 없음,59,0,46058
584,153구포국수,(주)일오삼에프씨,한식,25,29,58,29,100,33,132,3년 연속 증가,31,2,892169
585,본가왕뼈 감자탕,더본컴퍼니,한식,,44,58,14,31.8,,,증가,15,1,786393
586,브런치빈,(주)91컴퍼니,서양식,39,55,58,3,5.5,19,48.7,3년 연속 증가,7,4,761040
587,번쩍피자,(주)번쩍코리아,피자,22,50,58,8,16,36,163.6,3년 연속 증가,14,6,636435
588,금화왕돈까스,(주)다함컴퍼니,한식,47,50,58,8,16,11,23.4,3년 연속 증가,14,6,495482
589,가마솥순대국밥,(주)도시방앗간,한식,10,36,58,22,61.1,48,480,3년 연속 증가,28,7,458129
590,군자대한곱창,(주)대한푸드,기타 외식,102,76,58,-18,-23.7,-44,-43.1,3년 연속 감소,2,20,429793
591,메가혼밥,(주)기가프렌즈,한식,,,58,,,,,이전 자료 없음,58,0,422764
592,브레댄코(bread&amp;co.DAILY-NEW),(주)브레댄코,제과제빵,49,59,58,-1,-1.7,9,18.4,감소,12,13,409871
593,핸즈커피 (HANDS COFFEE),(주)지핸즈,커피,80,66,58,-8,-12.1,-22,-27.5,3년 연속 감소,2,10,355504
594,미스터빠삭,(주)마코푸드시스템,기타 외식,78,75,58,-17,-22.7,-20,-25.6,3년 연속 감소,6,23,337006
595,배부장찌개,(주)맛있는에프앤비,한식,78,,58,,,-20,-25.6,감소(2년 비교),6,9,289259
596,무공돈까스,(주)오름에프씨,분식,74,60,58,-2,-3.3,-16,-21.6,3년 연속 감소,9,11,268250
597,모두의죽,(주)남산뜰,한식,,54,58,4,7.4,,,증가,26,22,229063
598,홍짜장,(주)한밭에프앤지,중식,94,69,58,-11,-15.9,-36,-38.3,3년 연속 감소,5,16,223257
599,테라커피(TERA COFFEE),(주)티알씨코리아,커피,7,20,58,38,190,51,728.6,3년 연속 증가,40,2,213183
600,몬스터탕수육,피에스피에프앤디㈜,중식,35,62,58,-4,-6.5,23,65.7,감소,7,11,202205
601,식사준비,(주)삼화에프앤디,한식,142,84,58,-26,-31,-84,-59.2,3년 연속 감소,8,34,123620
602,스모프치킨,㈜스모프,치킨,,11,58,47,427.3,,,증가,47,0,118178
603,틈새라면,(주)틈새상사,분식,51,55,58,3,5.5,7,13.7,3년 연속 증가,4,1,94326
604,부뚜막김치찜,동행푸드,한식,67,76,58,-18,-23.7,-9,-13.4,감소,14,32,62459
605,누리마을감자탕,(주)누리마을,한식,48,,57,,,9,18.8,증가(2년 비교),8,3,735651
606,아웃닭,(주)테즈,치킨,60,60,57,-3,-5,-3,-5,감소,5,8,461546
607,라사천마라탕,알엠에프앤비,중식,,59,57,-2,-3.4,,,감소,25,27,299557
608,PJ피자,(주)카멜레온푸드,피자,,59,57,-2,-3.4,,,감소,8,10,293990
609,나드리김밥,(주)나드리에프에스,기타 외식,56,49,57,8,16.3,1,1.8,증가,11,3,170298
610,버무리떡볶이,(주)이플푸드,분식,72,60,57,-3,-5,-15,-20.8,3년 연속 감소,4,7,150315
611,유캔두잇,(주)할수있다,기타 외식,110,82,57,-25,-30.5,-53,-48.2,3년 연속 감소,7,32,116738
612,송주불냉면앤칼국수,(주)에스제이푸드시스템,한식,73,69,57,-12,-17.4,-16,-21.9,3년 연속 감소,3,15,98901
613,호두당,(주)골든박스에프앤비(goldenboxf&b),제과제빵,39,51,57,6,11.8,18,46.2,3년 연속 증가,15,9,85825
614,남썬치킨,(주)하하호호푸드,치킨,,93,57,-36,-38.7,,,감소,1,37,53093
615,브런치앤다이닝37.5(Brunch&Dining37.5),(주)제이더블유에프앤비,기타 외식,58,61,56,-5,-8.2,-2,-3.4,감소,4,9,554639
616,만족오향족발,(주)만점족에프앤비,한식,32,55,56,1,1.8,24,75,3년 연속 증가,24,24,469701
617,신떡순 신천할매떡볶이,㈜신떡순,분식,78,80,56,-24,-30,-22,-28.2,감소,8,32,271408
618,국제통닭,(주)국제에프씨,치킨,59,56,56,0,0,-3,-5.1,유지,8,8,254397
619,호밀호두,(주)호밀호두,제과제빵,54,57,56,-1,-1.8,2,3.7,감소,4,5,181407
620,오븐에 빠진 막창,오빠막창,한식,62,60,56,-4,-6.7,-6,-9.7,3년 연속 감소,4,8,140548
621,이바우국밥,(주)더라프,한식,,54,56,2,3.7,,,증가,25,23,61079
622,엑스오엑스오핫도그앤커피,(주)엑스오푸드빌리지,기타 외식,100,70,56,-14,-20,-44,-44,3년 연속 감소,0,14,16949
623,맥도날드,한국맥도날드(유),패스트푸드,83,72,55,-17,-23.6,-28,-33.7,3년 연속 감소,0,17,3072722
624,오븐에빠진닭,(주)에땅,치킨,70,62,55,-7,-11.3,-15,-21.4,3년 연속 감소,2,9,275652
625,바음식당,(주)안정컴퍼니,기타 외식,,,55,,,,,이전 자료 없음,4,16,222765
626,피자는 치즈빨,(주)위대한사람들,피자,44,51,55,4,7.8,11,25,3년 연속 증가,16,12,168673
627,성북당 십원빵,(주)성북당,제과제빵,2,43,55,12,27.9,53,2650,3년 연속 증가,21,9,121223
628,을찌로국물떡볶이,디오푸드시스템(주),분식,102,83,55,-28,-33.7,-47,-46.1,3년 연속 감소,10,38,97357
629,밀면의 법칙,모드니푸드,한식,59,54,55,1,1.9,-4,-6.8,증가,5,4,
630,계계속속,컴플리트,한식,,62,55,-7,-11.3,,,감소,23,30,
631,더맛있는족발보쌈,(주)더족푸드,한식,24,38,54,16,42.1,30,125,3년 연속 증가,17,1,1105448
632,동래정 백탄직화,(주)동래정에프앤비,한식,15,32,54,22,68.8,39,260,3년 연속 증가,23,1,760002
633,남다른감자탕,(주)보하라,한식,62,60,54,-6,-10,-8,-12.9,3년 연속 감소,3,9,617373
634,청담이상,(주)리코플레이트,주점,69,67,54,-13,-19.4,-15,-21.7,3년 연속 감소,1,14,550163
635,엉터리 무한대패,(주)엉터리,한식,,,54,,,,,이전 자료 없음,54,0,542224
636,신마포갈매기,선샤인푸드(주),한식,96,76,54,-22,-28.9,-42,-43.7,3년 연속 감소,0,22,403084
637,광안천지식당,(주)천지에프엔비,한식,,55,54,-1,-1.8,,,감소,2,3,364011
638,호주에서 온 스시,(주)위너더블유,일식,,42,54,12,28.6,,,증가,20,8,296073
639,강순자옛맛김치찌개,(주)강푸드,한식,38,45,54,9,20,16,42.1,3년 연속 증가,11,2,292916
640,치어스,(주)치어스,주점,73,,54,,,-19,-26,감소(2년 비교),2,12,249834
641,우쿠야,(주)지엔에스우쿠야,기타 외식,,64,54,-10,-15.6,,,감소,1,11,192328
642,바나타이거,(주)맥스원이링크,커피,5,24,54,30,125,49,980,3년 연속 증가,34,4,124193
643,죽도령,판다비즈(유),한식,117,85,54,-31,-36.5,-63,-53.8,3년 연속 감소,4,35,62942
644,홍탕,(주)홍탕,중식,60,56,54,-2,-3.6,-6,-10,3년 연속 감소,15,17,27327
645,국제시장 돼지국밥,(주)마스터아이디,한식,41,48,54,6,12.5,13,31.7,3년 연속 증가,41,35,7162
646,앗뜨죽,㈜이든푸드,한식,49,55,54,-1,-1.8,5,10.2,감소,15,16,
647,우리집곱도리탕,(주)더국민푸드,한식,,,54,,,,,이전 자료 없음,55,1,
648,참맛죽,(주)다은푸드,한식,,53,54,1,1.9,,,증가,31,30,
649,착한낙지 (FOOD CHT&S),푸드이노베이션,기타 외식,56,,53,,,-3,-5.4,감소(2년 비교),4,4,843474
650,이바돔감자탕,(주)이바돔,한식,70,58,53,-5,-8.6,-17,-24.3,3년 연속 감소,2,7,573315
651,영삼이네우정소갈비,(주)우정에프앤비,한식,1,22,53,31,140.9,52,5200,3년 연속 증가,37,6,559142
652,크리스피크림,롯데지알에스(주),제과제빵,,54,53,-1,-1.9,,,감소,0,1,472920
653,에이바우트커피,㈜메이크어베러(Makeabetter),커피,50,51,53,2,3.9,3,6,3년 연속 증가,6,4,445888
654,육감만족,(주)정담에프앤비,기타 외식,67,,53,,,-14,-20.9,감소(2년 비교),2,8,430540
655,진교동찜닭,더네이처그린(주),한식,,23,53,30,130.4,,,증가,30,0,387438
656,영계소문옛날통닭,농업회사법인영계소문(주),치킨,,52,53,1,1.9,,,증가,5,4,268700
657,두번먹는명인김치찜,(주)라라벨로,한식,,26,53,27,103.8,,,증가,30,3,248466
658,은화수식당,(주)한경기획,기타 외식,48,51,53,2,3.9,5,10.4,3년 연속 증가,6,4,238689
659,마실커피,(주)마실에프앤비,커피,24,37,53,16,43.2,29,120.8,3년 연속 증가,16,0,195582
660,윤검푸드 봉수아피자,(주)윤검푸드,피자,55,58,53,-5,-8.6,-2,-3.6,감소,9,14,153095
661,피굽남피자,피굽남앤유떡가맹본부,피자,69,65,53,-12,-18.5,-16,-23.2,3년 연속 감소,8,20,102865
662,5.5닭갈비,(주)오점오,한식,54,55,53,-2,-3.6,-1,-1.9,감소,2,4,63863
663,세광양대창,(주)세광그린푸드리테일,기타 외식,65,61,52,-9,-14.8,-13,-20,3년 연속 감소,2,11,817681
664,제줏간,(주)그릿,한식,55,63,52,-11,-17.5,-3,-5.5,감소,7,18,665235
665,뽁당,(주)착한형제들,한식,,9,52,43,477.8,,,증가,44,1,389091
666,육미명가옛날아우내순대&보쌈,(주)병천아우내식품,기타 외식,53,52,52,0,0,-1,-1.9,유지,8,8,301294
667,찌개공방,디오에프앤비,한식,32,45,52,7,15.6,20,62.5,3년 연속 증가,10,3,272777
668,바나프레소,(주)바나플에프엔비,커피,2,22,52,30,136.4,50,2500,3년 연속 증가,30,0,218628
669,벤티프레소,(주)정직한,커피,38,50,52,2,4,14,36.8,3년 연속 증가,11,9,143362
670,오백국수,오백제작소,분식,35,34,52,18,52.9,17,48.6,증가,23,5,137883
671,전설의치킨,(주)시원전설의푸드,치킨,57,53,52,-1,-1.9,-5,-8.8,3년 연속 감소,7,8,128323
672,퐁치커피익스프레스,(주)돌우물,커피,1,12,52,40,333.3,51,5100,3년 연속 증가,44,4,105698
673,국밥은이거지,(주)다은푸드,한식,,42,52,10,23.8,,,증가,41,31,
674,뽁떡떡볶이,(주)착한형제들,분식,,,52,,,,,이전 자료 없음,52,0,
675,육전국밥,(주)아라리,한식,36,43,51,8,18.6,15,41.7,3년 연속 증가,20,12,1145836
676,해산물직화구이전문점삼바리,(주)위어스컴퍼니,기타 외식,47,51,51,0,0,4,8.5,유지,5,5,491329
677,이태리양조장,(주)명륜브로이,주점,3,35,51,16,45.7,48,1600,3년 연속 증가,20,4,367795
678,"오늘,와인한잔",(주)오늘연구소,주점,105,96,51,-45,-46.9,-54,-51.4,3년 연속 감소,3,47,291359
679,한옥마을,(주)풍년에프씨,한식,45,47,51,4,8.5,6,13.3,3년 연속 증가,8,4,289745
680,1992덮밥&짜글이,(주)필드키친,한식,,68,51,-17,-25,,,감소,10,27,253609
681,요거트퍼플,에이앤디(AND),음료 (커피 외),,,51,,,,,이전 자료 없음,52,1,187534
682,김충기꽃삼겹,(주)씨오에프,한식,78,74,51,-23,-31.1,-27,-34.6,3년 연속 감소,3,26,144769
683,본래순대,(주)도드람에프씨,한식,69,69,51,-18,-26.1,-18,-26.1,감소,4,22,139999
684,2피자1치킨상회,(주)더줌상회,피자,52,54,51,-3,-5.6,-1,-1.9,감소,4,7,111104
685,미쳐버린파닭,(주)수정,치킨,69,60,51,-9,-15,-18,-26.1,3년 연속 감소,0,9,103806
686,메가후르츠,(주)와이엔컴퍼니(YN),한식,13,,51,,,38,292.3,증가(2년 비교),27,5,68193
687,아이엠도넛(IamDonut),(주)쿼드코리아,제과제빵,44,40,51,11,27.5,7,15.9,증가,35,24,42353
688,장터김치찜,(주)비엠에프앤비(BMF&B.Com.Ltd),한식,,,51,,,,,이전 자료 없음,51,0,
689,상무초밥,(주)상무프랜차이즈,일식,44,50,50,0,0,6,13.6,유지,0,0,2449723
690,노걸대,(주)노걸대,한식,41,39,50,11,28.2,9,22,증가,16,5,705087
691,보돌미역,(주)보돌에프앤비,기타 외식,41,46,50,4,8.7,9,22,3년 연속 증가,8,4,448038
692,김순덕원조부안집,(주)본질에프앤비,한식,,101,50,-51,-50.5,,,감소,3,54,395558
693,리틀꼬마김밥,(주)리틀꼬마,분식,39,44,50,6,13.6,11,28.2,3년 연속 증가,10,4,392736
694,오한수우육면가,(주)오한수,중식,57,57,50,-7,-12.3,-7,-12.3,감소,2,9,376339
695,카츠백,(주)디아이디에프,일식,,49,50,1,2,,,증가,1,0,362867
696,하노이맥주밤거리,보고싶다(주),주점,14,46,50,4,8.7,36,257.1,3년 연속 증가,14,10,345513
697,손큰할매순대국,(주)손큰,한식,36,45,50,5,11.1,14,38.9,3년 연속 증가,8,3,267345
698,안주가,(주)멀티웨이,한식,3,34,50,16,47.1,47,1566.7,3년 연속 증가,23,7,238644
699,황해수육,황해푸드,한식,20,37,50,13,35.1,30,150,3년 연속 증가,14,1,223110
700,차차커피코,(주)차차커피코,커피,25,50,50,0,0,25,100,유지,18,18,136817
701,떡군이네떡볶이,(주)신우푸드,분식,,99,50,-49,-49.5,,,감소,1,50,124630
702,심봉사도로케,(주)소믹스,제과제빵,46,47,50,3,6.4,4,8.7,3년 연속 증가,17,14,116639
703,봉이치킨,(주)봉이에프엔씨,치킨,54,41,50,9,22,-4,-7.4,증가,13,4,36697
704,뽕뜨락피자,(주)웰빙을만드는사람들,피자,76,57,50,-7,-12.3,-26,-34.2,3년 연속 감소,1,8,
705,복고다방,(주)에스엔인더스트리,커피,,47,50,3,6.4,,,증가,12,9,
706,샤브올데이,(주)올데이프레쉬,한식,,7,49,42,600,,,증가,42,0,3608627
707,추오정,(주)아정푸드시스템,기타 외식,49,50,49,-1,-2,0,0,감소,3,4,850958
708,평화김해뒷고기,(주)파머스푸드랩,한식,37,51,49,-2,-3.9,12,32.4,감소,9,11,548255
709,니뽕내뽕,(주)제이테이블,기타 외식,,56,49,-7,-12.5,,,감소,1,7,464931
710,샤브로21,(주)디랩,한식,,30,49,19,63.3,,,증가,19,0,346688
711,육장갈비,(주)마루에프씨,기타 외식,45,51,49,-2,-3.9,4,8.9,감소,9,11,322020
712,굴세상,굴세상,기타 외식,55,52,49,-3,-5.8,-6,-10.9,3년 연속 감소,0,3,308583
713,계림원누릉지통닭구이,(주)동천에프앤비,치킨,52,52,49,-3,-5.8,-3,-5.8,감소,7,10,262190
714,카페띠아모,(주)베모스,커피,,,49,,,,,이전 자료 없음,2,16,126566
715,테트리스찜닭,(주)선일에프앤비,치킨,89,62,49,-13,-21,-40,-44.9,3년 연속 감소,0,13,117265
716,쉐프의 생 안심탕수육,(주)상진유통,중식,56,,49,,,-7,-12.5,감소(2년 비교),5,16,100995
717,쭈꾸미협동조합,(주)시샘,한식,,,49,,,,,이전 자료 없음,49,0,
718,이라이타코야끼,프라프에프엔비㈜,일식,,63,49,-14,-22.2,,,감소,8,22,
719,이우철한방누룽지삼계탕,(주)더좋은코리아,한식,24,33,48,15,45.5,24,100,3년 연속 증가,17,2,933902
720,청년고기장수,(주)청년히어로,한식,39,44,48,4,9.1,9,23.1,3년 연속 증가,21,17,657435
721,갯벌의 조개,(주)탄탄한기업,한식,,8,48,40,500,,,증가,47,6,563711
722,정성순대,(주)우리의맛남,한식,16,33,48,15,45.5,32,200,3년 연속 증가,20,5,503798
723,조선부뚜막,(주)바른푸드,한식,18,57,48,-9,-15.8,30,166.7,감소,10,19,494258
724,돈기부여,돈기부여,기타 외식,44,54,48,-6,-11.1,4,9.1,감소,15,21,392665
725,소코아,(주)소코아,기타 외식,41,54,48,-6,-11.1,7,17.1,감소,2,8,328604
726,과일에반하다.프루타,(주)홀릭코퍼레이션,음료 (커피 외),62,63,48,-15,-23.8,-14,-22.6,감소,8,22,324340
727,마일로(MILO),(주)마일로,커피,17,26,48,22,84.6,31,182.4,3년 연속 증가,22,0,299894
728,청담피자,(주)청담에프앤비,피자,45,49,48,-1,-2,3,6.7,감소,8,9,295911
729,김영희아구찜&코다리냉면,(주)해피푸드,기타 외식,,45,48,3,6.7,,,증가,11,8,289421
730,네오피자,(주)네오에프앤비,피자,75,57,48,-9,-15.8,-27,-36,3년 연속 감소,2,11,255573
731,"쉼, 어묵 그리고 한잔 술",(주)비엔피컴퍼니,주점,26,50,48,-2,-4,22,84.6,감소,5,7,237663
732,아덴블랑제리,와이제이와이푸드(주),커피,25,42,48,6,14.3,23,92,3년 연속 증가,12,6,166284
733,입큰아구알곤이찜,더현푸드시스템(주),한식,123,83,48,-35,-42.2,-75,-61,3년 연속 감소,5,40,158800
734,죠샌드위치,(주)제이에스앤씨,패스트푸드,69,61,48,-13,-21.3,-21,-30.4,3년 연속 감소,7,20,137698
735,바빈스,(주)퍼스트에이엔티,커피,56,54,48,-6,-11.1,-8,-14.3,3년 연속 감소,1,7,121500
736,마시그래이,(주)에스이엠,커피,73,61,48,-13,-21.3,-25,-34.2,3년 연속 감소,1,14,103391
737,THE LITER 24(더리터 24),(주)더리터,커피,,,48,,,,,이전 자료 없음,48,0,61023
738,집밥e선생,(주)보금,한식,46,78,48,-30,-38.5,2,4.3,감소,3,33,33332
739,청담곱떡,(주)모아드림에프앤비,기타 외식,71,80,48,-32,-40,-23,-32.4,감소,4,36,4892
740,탐나는피자,탐나코리아,피자,5,17,47,30,176.5,42,840,3년 연속 증가,30,0,645854
741,하르당,(주)하르당,제과제빵,20,38,47,9,23.7,27,135,3년 연속 증가,14,5,411184
742,샤브보트,(주)채선당,한식,39,,47,,,8,20.5,증가(2년 비교),5,0,375890
743,돈통마늘보쌈,(주)코리아푸딩,기타 외식,61,57,47,-10,-17.5,-14,-23,3년 연속 감소,2,12,353057
744,마라순코우,마라순코우,중식,,,47,,,,,이전 자료 없음,1,5,232932
745,빵위에 치즈 피자앰플러,(주)승탁에프앤비,피자,45,50,47,-3,-6,2,4.4,감소,9,12,224750
746,고씨네,(주)팀씨,일식,58,66,47,-19,-28.8,-11,-19,감소,0,19,181007
747,스테이크존,쉐프의연구소,서양식,57,,47,,,-10,-17.5,감소(2년 비교),22,31,
748,강창구찹쌀진순대,(주)창구식품,한식,28,32,46,14,43.8,18,64.3,3년 연속 증가,20,6,718762
749,마녀김밥,(주)멘토푸디즘,분식,37,44,46,2,4.5,9,24.3,3년 연속 증가,5,3,645002
750,나능이,유정티앤에프(주),한식,40,44,46,2,4.5,6,15,3년 연속 증가,2,0,545348
751,명동찌개마을,(주)정다원,기타 외식,47,47,46,-1,-2.1,-1,-2.1,감소,5,6,482665
752,뚝배기양평해장국,(주)뉴서진식품,한식,35,44,46,2,4.5,11,31.4,3년 연속 증가,12,10,352936
753,파란만잔,(주)파란만잔,커피,18,42,46,4,9.5,28,155.6,3년 연속 증가,11,7,277123
754,한식밥상,㈜푸드비,한식,45,66,46,-20,-30.3,1,2.2,감소,29,49,254851
755,여우애(愛),(주)퍼스트에이엔티,분식,47,,46,,,-1,-2.1,감소(2년 비교),5,14,241272
756,필라프에빠지다,(주)셰프스테이,기타 외식,44,,46,,,2,4.5,증가(2년 비교),16,19,206723
757,커피니,(주)씨에프앤비,커피,,,46,,,,,이전 자료 없음,1,9,189057
758,난바우동,(주)에이치엔큐,한식,,51,46,-5,-9.8,,,감소,5,14,170987
759,경성한우국밥,엠지엠에프앤비,기타 외식,,46,46,0,0,,,유지,9,9,142687
760,덮담,㈜푸드비,한식,,42,46,4,9.5,,,증가,28,24,142589
761,커피마마퀸,티에고(주),기타 외식,63,54,46,-8,-14.8,-17,-27,3년 연속 감소,1,9,91202
762,달인의찜닭,(주)디아이에프앤비,기타 외식,42,46,46,0,0,4,9.5,유지,7,7,
763,타코아찌 타코야끼전문점,(주)메종이츠,일식,103,76,46,-30,-39.5,-57,-55.3,3년 연속 감소,2,32,
764,오태식해바라기치킨,(주)서호에프앤비,치킨,87,58,46,-12,-20.7,-41,-47.1,3년 연속 감소,3,15,
765,코지하우스,(주)코지하우스코리아,서양식,23,36,45,9,25,22,95.7,3년 연속 증가,14,2,1014769
766,김형제고기의철학,(주)킴스브라더스,한식,68,68,45,-23,-33.8,-23,-33.8,감소,2,25,671941
767,청년치킨,(주)청년치킨,치킨,32,41,45,4,9.8,13,40.6,3년 연속 증가,8,4,609694
768,까몬(CAMO’N),(주)훈훈,기타 외국식,6,36,45,9,25,39,650,3년 연속 증가,11,1,480564
769,어사출또,어판왕어업회사법인㈜,기타 외식,70,45,45,0,0,-25,-35.7,유지,0,0,457556
770,토리아에즈,(주)병아리날다,일식,24,37,45,8,21.6,21,87.5,3년 연속 증가,9,1,279279
771,토핑폭탄김치찜&김치찌개,(주)괴짜푸드컴퍼니,한식,,40,45,5,12.5,,,증가,14,9,248823
772,자연임실치즈피자,(주)엠앤엠푸드,피자,37,41,45,4,9.8,8,21.6,3년 연속 증가,8,4,222712
773,소소떡볶이,(주)위대한,분식,33,46,45,-1,-2.2,12,36.4,감소,14,15,177443
774,카페보스(CAFE BOSS),(주)리라인,커피,37,42,45,3,7.1,8,21.6,3년 연속 증가,22,19,115073
775,최가네크레이지떡볶이,(주)최가네토탈푸드,분식,58,45,45,0,0,-13,-22.4,유지,0,0,
776,메이크어딜리버리,(주)메이크어딜리버리,기타 외식,29,41,44,3,7.3,15,51.7,3년 연속 증가,7,4,950021
777,파스타예요,(주)포엠에프앤비,서양식,,13,44,31,238.5,,,증가,31,0,945477
778,"고기,원칙",(주)반반한행복,한식,71,57,44,-13,-22.8,-27,-38,3년 연속 감소,1,14,350244
779,우이락,(주)비비프로젝트,한식,,31,44,13,41.9,,,증가,21,8,276057
780,피자덕,(주)유니큐랩,피자,21,36,44,8,22.2,23,109.5,3년 연속 증가,12,4,275278
781,88켄터키치킨&떡볶이,(주)현인에프앤디,치킨,,47,44,-3,-6.4,,,감소,4,7,201636
782,참다랑어 막주는 집,(주)참막수산,일식,66,49,44,-5,-10.2,-22,-33.3,3년 연속 감소,3,8,164510
783,피자와치킨의러브레터,(주)디에스푸드,피자,71,52,44,-8,-15.4,-27,-38,3년 연속 감소,6,14,143666
784,와드커피(WAD COFFEE),(주)돌우물,커피,8,34,44,10,29.4,36,450,3년 연속 증가,18,8,107075
785,노상치킨,그레이스티엔에프(주),치킨,26,39,44,5,12.8,18,69.2,3년 연속 증가,17,12,101581
786,조선볶음밥,(주)디에이치엠에프앤비,한식,,,44,,,,,이전 자료 없음,48,4,68997
787,동명 카츠,(주)던케이투에스,일식,70,56,44,-12,-21.4,-26,-37.1,3년 연속 감소,6,18,62070
788,임실N치즈피자,(주)한덴,피자,54,48,44,-4,-8.3,-10,-18.5,3년 연속 감소,0,4,47750
789,미스터국수왕,(주)한율에프앤비,분식,53,40,44,4,10,-9,-17,증가,12,8,3196
790,홍희통닭,(주)참맛푸드,치킨,28,,44,,,16,57.1,증가(2년 비교),10,4,
791,최배달 떡순튀,(주)최배달,분식,42,,43,,,1,2.4,증가(2년 비교),2,6,709376
792,서가앤쿡,(주)에스앤에스컴퍼니,서양식,64,48,43,-5,-10.4,-21,-32.8,3년 연속 감소,1,6,601409
793,일공공샤브&편백찜,(주)일공공코리아,기타 외국식,38,47,43,-4,-8.5,5,13.2,감소,6,10,542416
794,뜨돈(DD'DON),(주)나무에프엠디,서양식,18,23,43,20,87,25,138.9,3년 연속 증가,23,3,447706
795,거진어부네 코다리,(주)어부네,한식,,46,43,-3,-6.5,,,감소,1,4,446439
796,오봉도시락,(주)오색만찬,한식,53,53,43,-10,-18.9,-10,-18.9,감소,3,13,366276
797,닭장수후라이드和,(주)주완푸드,치킨,48,43,43,0,0,-5,-10.4,유지,6,6,328930
798,풍국면,(주)진담,기타 외식,39,44,43,-1,-2.3,4,10.3,감소,4,6,312753
799,노랑강정,(주)와이푸드,기타 외식,8,20,43,23,115,35,437.5,3년 연속 증가,35,12,159275
800,토마토도시락,(주)다채원,기타 외식,72,61,43,-18,-29.5,-29,-40.3,3년 연속 감소,1,19,136673
801,빙수를품은달인(빙품달),(주)유니큐랩,아이스크림/빙수,21,36,43,7,19.4,22,104.8,3년 연속 증가,11,4,106467
802,고더커피,㈜고더컴퍼니,커피,9,26,43,17,65.4,34,377.8,3년 연속 증가,18,1,106318
803,용추골순대미궁,칠연푸드시스템,한식,,,43,,,,,이전 자료 없음,3,4,54382
804,제이델링,엘제이에스컴퍼니,제과제빵,10,36,43,7,19.4,33,330,3년 연속 증가,7,0,38130
805,밥스틸러 김치찜,밥스틸러,한식,,79,43,-36,-45.6,,,감소,17,52,4328
806,원조설악칡냉면,이앤유푸드,한식,2,31,43,12,38.7,41,2050,3년 연속 증가,12,0,
807,잔잔,(주)바론에프엔씨,주점,15,36,42,6,16.7,27,180,3년 연속 증가,8,2,927693
808,마장동김씨,(주)엠디케이,한식,20,42,42,0,0,22,110,유지,5,5,733945
809,잭슨피자,엘더블유지(주),피자,35,41,42,1,2.4,7,20,3년 연속 증가,3,2,607788
810,예향정,"(주)디케이코리아(D.KKOREACo.,LTD)",한식,41,42,42,0,0,1,2.4,유지,3,3,483531
811,청년감자탕 순대국,(주)청년팩토리,한식,32,,42,,,10,31.3,증가(2년 비교),14,10,424381
812,101번지 남산돈까스,(주)에스엠제이컴퍼니,기타 외식,32,36,42,6,16.7,10,31.3,3년 연속 증가,11,4,418742
813,종로김밥,(주)제이알에프앤로지스,기타 외식,57,48,42,-6,-12.5,-15,-26.3,3년 연속 감소,1,7,398537
814,이태리부대찌개,(주)지니어스,한식,42,42,42,0,0,0,0,유지,2,2,362834
815,빵장수단팥빵,(주)피쉐프코리아,제과제빵,38,44,42,-2,-4.5,4,10.5,감소,4,6,273484
816,에바돈가츠,브랜드인터랙티브(주),기타 외식,61,60,42,-18,-30,-19,-31.1,3년 연속 감소,2,20,213939
817,더웨이닝커피,(주)웨이닝코리아,커피,43,43,42,-1,-2.3,-1,-2.3,감소,2,3,148410
818,30년 불멸의 닭발,(주)라라벨로,한식,24,25,42,17,68,18,75,3년 연속 증가,22,5,126627
819,NAN갈비장터,(주)이임,치킨,,49,42,-7,-14.3,,,감소,12,19,111363
820,베스트생갈비찜&찜닭,(주)누림인터네셔널,한식,65,54,42,-12,-22.2,-23,-35.4,3년 연속 감소,17,29,
821,꽃마름,한주에이알티(주),한식,,48,41,-7,-14.6,,,감소,3,10,598941
822,짜글이미식회,짜글이 미식회 본점,한식,1,24,41,17,70.8,40,4000,3년 연속 증가,19,2,520961
823,남도술상,(주)남도에프앤씨,기타 외식,32,35,41,6,17.1,9,28.1,3년 연속 증가,8,2,501333
824,규카츠정,(주)더정컴퍼니,일식,17,26,41,15,57.7,24,141.2,3년 연속 증가,15,0,495513
825,호미스(HOMIES),(주)호미스,서양식,28,34,41,7,20.6,13,46.4,3년 연속 증가,8,1,377144
826,야미마라탕,(주)야미푸드,중식,54,58,41,-17,-29.3,-13,-24.1,감소,1,11,329300
827,버텍스(VERTEX),지구정복버텍스(주),서양식,38,38,41,3,7.9,3,7.9,증가,16,13,328880
828,어부김호권의청년어부,(주)청년에프앤씨,일식,62,52,41,-11,-21.2,-21,-33.9,3년 연속 감소,0,11,294825
829,해쉬커피,해쉬커피가맹본부,커피,14,18,41,23,127.8,27,192.9,3년 연속 증가,23,0,264291
830,제비파스타&리조또,(주)제이비비,서양식,62,76,41,-35,-46.1,-21,-33.9,감소,1,36,250133
831,월미당,㈜라포코퍼레이션,기타 외국식,15,39,41,2,5.1,26,173.3,3년 연속 증가,13,10,245161
832,양계장집아들,(주)양계장집아들,치킨,51,41,41,0,0,-10,-19.6,유지,7,7,224878
833,전일맥주,(주)더조은컴퍼니,주점,14,37,41,4,10.8,27,192.9,3년 연속 증가,9,5,221901
834,종로맥가,(주)종로맥가,기타 외식,45,42,41,-1,-2.4,-4,-8.9,3년 연속 감소,2,3,184600
835,스테프핫도그(STEFF HOTDOG),(주)스테프코리아,패스트푸드,49,48,41,-7,-14.6,-8,-16.3,3년 연속 감소,2,9,133898
836,닭강정공방,(주)제뉴인비스트로,치킨,,34,41,7,20.6,,,증가,19,12,112236
837,리얼안심탕수육,(주)록원에프엔비,기타 외식,92,53,41,-12,-22.6,-51,-55.4,3년 연속 감소,1,13,107237
838,"챙길,밥",(주)아이언가이즈,한식,82,58,41,-17,-29.3,-41,-50,3년 연속 감소,2,19,59878
839,타코이찌 타코야끼 전문점,이찌코리아,일식,50,81,41,-40,-49.4,-9,-18,감소,0,40,49416
840,카레세끼 매운숙성카레,제이에스키친,일식,1,53,41,-12,-22.6,40,4000,감소,13,15,47549
841,이찌방라멘& 카츠카레,(주)우리로에프앤비,일식,43,40,41,1,2.5,-2,-4.7,증가,5,4,20907
842,전국3대춘천닭갈비,캐슬푸드,한식,13,59,41,-18,-30.5,28,215.4,감소,9,27,9184
843,라멘선생,(주)순정에프앤비,일식,75,,41,,,-34,-45.3,감소(2년 비교),0,22,
844,서대문김치찜&김치찌개,푸디웍스(주),한식,,22,40,18,81.8,,,증가,18,0,806120
845,고향옥얼큰순대국,(주)더맛있는생각,한식,27,33,40,7,21.2,13,48.1,3년 연속 증가,10,3,803556
846,나날이일품돼지국밥,일품,한식,,30,40,10,33.3,,,증가,10,0,634480
847,미미관마라탕,(주)아침빛바다,중식,31,40,40,0,0,9,29,유지,5,5,467682
848,한스(HANS),(주)한스제과,제과제빵,39,41,40,-1,-2.4,1,2.6,감소,0,1,457088
849,찐이야숯불치킨,굿웰푸드(세븐치킨),치킨,,,40,,,,,이전 자료 없음,14,15,248822
850,베트남노상식당,(주)트리플에이컴퍼니,기타 외국식,44,55,40,-15,-27.3,-4,-9.1,감소,2,17,208279
851,짱닭치킨,(주)푸드지니어스,치킨,46,43,40,-3,-7,-6,-13,3년 연속 감소,3,6,174905
852,경아두마리치킨,(주)다시만난사람들,치킨,60,48,40,-8,-16.7,-20,-33.3,3년 연속 감소,2,10,166971
853,참토스트,(주)와이에스컴퍼니,기타 외식,6,29,40,11,37.9,34,566.7,3년 연속 증가,13,1,164823
854,추닭집,패밀리에프엔씨,치킨,30,33,40,7,21.2,10,33.3,3년 연속 증가,8,1,161381
855,테그42(TEgg.42),(주)테그글로벌,기타 외식,75,51,40,-11,-21.6,-35,-46.7,3년 연속 감소,8,19,108250
856,라바게트,(주)라바게트,커피,2,9,40,31,344.4,38,1900,3년 연속 증가,32,1,88432
857,응급닭발센터,(주)금해코리아,한식,,,40,,,,,이전 자료 없음,9,10,23811
858,인생대박집쪽갈비,쉐프의연구소,한식,51,,40,,,-11,-21.6,감소(2년 비교),17,25,
859,돈돈김치찌개&찜,(주)다은푸드,한식,,,40,,,,,이전 자료 없음,53,13,
860,정동진칼국수,감동집,기타 외식,,50,40,-10,-20,,,감소,10,20,
861,소플러스,(주)엔조이푸드시스템,한식,25,31,39,8,25.8,14,56,3년 연속 증가,10,2,2624065
862,부엉이산장,(주)트리니티에프엔비(TRINITYF&B),한식,4,22,39,17,77.3,35,875,3년 연속 증가,20,3,934471
863,순대실록,(주)희스토리푸드,한식,6,22,39,17,77.3,33,550,3년 연속 증가,18,1,593476
864,맛찜랭킹,(주)오큐피(OQP),한식,,9,39,30,333.3,,,증가,35,5,408347
865,구이구이쪽갈비,(주)더맛푸드,한식,38,41,39,-2,-4.9,1,2.6,감소,7,9,305938
866,종로계림닭도리탕원조,(주)누구나꽃이피었습니다,기타 외식,28,40,39,-1,-2.5,11,39.3,감소,5,6,288115
867,오유미당,용기있는사람들,기타 외국식,61,46,39,-7,-15.2,-22,-36.1,3년 연속 감소,5,12,279795
868,제주스,(주)제주스,음료 (커피 외),32,34,39,5,14.7,7,21.9,3년 연속 증가,7,2,236023
869,오늘도빙수,오늘도빙수본점,음료 (커피 외),10,19,39,20,105.3,29,290,3년 연속 증가,21,1,233590
870,남바완돈카츠,(주)이끌,일식,42,,39,,,-3,-7.1,감소(2년 비교),11,19,222257
871,진1926,(주)더진코리아,기타 외식,51,51,39,-12,-23.5,-12,-23.5,감소,4,16,215572
872,요녀석,(주)아라에프엔비,서양식,85,66,39,-27,-40.9,-46,-54.1,3년 연속 감소,0,25,206250
873,본설렁탕,본아이에프(주),한식,51,50,39,-11,-22,-12,-23.5,3년 연속 감소,8,19,204502
874,동네포차주민,(주)시선프랜차이즈,주점,36,40,39,-1,-2.5,3,8.3,감소,6,7,193492
875,삼형제김밥,(주)삼형제에프앤비,분식,,27,39,12,44.4,,,증가,16,4,187943
876,생생돈까스,(주)에버리치에프앤비,분식,55,46,39,-7,-15.2,-16,-29.1,3년 연속 감소,1,8,185247
877,꼬치의품격,(주)아이센스에프앤비,기타 외식,92,78,39,-39,-50,-53,-57.6,3년 연속 감소,0,39,164953
878,대한국밥만세,㈜에이스에프엔비,한식,,,39,,,,,이전 자료 없음,39,0,104460
879,98도씨 국밥,(주)바로온,기타 외식,104,68,39,-29,-42.6,-65,-62.5,3년 연속 감소,7,36,90674
880,카페루앤비,(주)루앤비,커피,55,47,39,-8,-17,-16,-29.1,3년 연속 감소,1,9,64171
881,투사랑,오엔푸드,주점,53,51,39,-12,-23.5,-14,-26.4,3년 연속 감소,2,14,49106
882,밥깨비,(주)맛집,한식,,,39,,,,,이전 자료 없음,51,12,
883,돈가네김치찌개,(주)테이스티랩,한식,45,45,39,-6,-13.3,-6,-13.3,감소,1,7,
884,2도맥주 (2°C BEER),(주)이도코리아,주점,39,39,39,0,0,0,0,유지,0,0,
885,탐나종합어시장,(주)골든밥코리아,일식,50,43,38,-5,-11.6,-12,-24,3년 연속 감소,0,5,1540025
886,롤링핀,(주)롤링핀컴퍼니,제과제빵,49,,38,,,-11,-22.4,감소(2년 비교),3,9,609871
887,1943,(주)위벨롭먼트,기타 외식,79,63,38,-25,-39.7,-41,-51.9,3년 연속 감소,4,29,400000
888,울엄마해장,(주)정연에프앤비,한식,,,38,,,,,이전 자료 없음,4,5,388685
889,탄광맥주,(주)올바른에프앤비,주점,25,34,38,4,11.8,13,52,3년 연속 증가,6,2,353468
890,쪽갈비전문점 예감,(주)와이지인더스트리,기타 외식,46,44,38,-6,-13.6,-8,-17.4,3년 연속 감소,2,7,262993
891,프랑킨 바베큐치킨,(주)더윈썸,치킨,,38,38,0,0,,,유지,14,14,253731
892,사이공본가,(주)글로벌프렌드,기타 외국식,32,37,38,1,2.7,6,18.8,3년 연속 증가,6,5,225844
893,아띠몽,(주)솔푸드,패스트푸드,21,35,38,3,8.6,17,81,3년 연속 증가,11,8,220613
894,브롱스(BRONX),(주)와이에프엔씨,기타 외식,,53,38,-15,-28.3,,,감소,1,15,208076
895,샐러드박스(SaladBox),(주)이제이글로벌,기타 외식,69,54,38,-16,-29.6,-31,-44.9,3년 연속 감소,4,15,204743
896,청춘닭꼬치,(주)청춘에프앤비,기타 외식,31,41,38,-3,-7.3,7,22.6,감소,15,17,198755
897,버거앤프라이즈(Burger&Friez),(주)비엔에프시리즈,기타 외식,60,51,38,-13,-25.5,-22,-36.7,3년 연속 감소,3,16,174055
898,구여사 컵밥,(주)용용컴퍼니,한식,22,38,38,0,0,16,72.7,유지,7,7,171840
899,달토끼의 떡볶이 흡입구역,(주)포즈,분식,63,60,38,-22,-36.7,-25,-39.7,3년 연속 감소,0,22,153038
900,츄러스1500,츄러스1500,제과제빵,67,,38,,,-29,-43.3,감소(2년 비교),0,16,88175
901,백연게장,권에프엔비(주),한식,,,38,,,,,이전 자료 없음,25,27,44500
902,꽈백최선생,(주)최선생,분식,15,25,38,13,52,23,153.3,3년 연속 증가,17,4,
903,강경불고기,(주)강경푸드,기타 외식,27,36,37,1,2.8,10,37,3년 연속 증가,10,9,823121
904,용호동낙지,(주)케이푸드홀딩스,기타 외식,31,34,37,3,8.8,6,19.4,3년 연속 증가,18,10,694533
905,담솥,이청년에프앤비(주),한식,,21,37,16,76.2,,,증가,17,1,625507
906,내조국국밥,내조국국밥(주),한식,28,33,37,4,12.1,9,32.1,3년 연속 증가,5,1,511154
907,이게볶음밥,이게(주),한식,11,44,37,-7,-15.9,26,236.4,감소,6,13,441917
908,김밥일번지,(주)다음푸드,분식,42,38,37,-1,-2.6,-5,-11.9,3년 연속 감소,1,2,351718
909,철뚝집,(주)브라더푸드시스템,한식,20,30,37,7,23.3,17,85,3년 연속 증가,10,3,337370
910,신룽푸마라탕,(주)지앤지유니버스,중식,50,44,37,-7,-15.9,-13,-26,3년 연속 감소,2,9,332821
911,경양카츠,(주)빌리어네어스토어즈,일식,59,48,37,-11,-22.9,-22,-37.3,3년 연속 감소,0,11,332693
912,통큰갈비,(주)해성외식,기타 외식,38,,37,,,-1,-2.6,감소(2년 비교),10,11,325599
913,덮밥장사장,(주)테이스티브라더스,일식,25,34,37,3,8.8,12,48,3년 연속 증가,6,3,316854
914,치킨뱅이,(주)인피트리,치킨,42,39,37,-2,-5.1,-5,-11.9,3년 연속 감소,0,2,309477
915,제주고세호해장국,(주)제주인에프앤비,한식,,37,37,0,0,,,유지,18,15,279066
916,우마이타코야끼,(주)디벨롭키친,일식,,,37,,,,,이전 자료 없음,17,17,250791
917,대만족,(주)대만족,한식,,50,37,-13,-26,,,감소,13,26,248152
918,커피명가,(주)커피명가,커피,40,41,37,-4,-9.8,-3,-7.5,감소,0,4,246466
919,파스토보이(pastoboy),(주)우주소년,서양식,56,48,37,-11,-22.9,-19,-33.9,3년 연속 감소,7,18,232309
920,맘스터치 피자앤치킨,(주)맘스터치앤컴퍼니,패스트푸드,36,44,37,-7,-15.9,1,2.8,감소,0,7,196616
921,매스커피,(주)매스컴퍼니,음료 (커피 외),30,37,37,0,0,7,23.3,유지,2,2,151578
922,다가치통닭,(주)다가치,치킨,,38,37,-1,-2.6,,,감소,5,6,136711
923,요커,요커,음료 (커피 외),,22,37,15,68.2,,,증가,21,6,127241
924,불아더 숯불바베큐,(주)맨즈키친,치킨,14,12,37,25,208.3,23,164.3,증가,25,0,114782
925,시카고부대찌개,그레이프컴퍼니(주),한식,93,42,37,-5,-11.9,-56,-60.2,3년 연속 감소,18,23,74726
926,제육집막내아들,(주)돌우물,한식,,1,37,36,3600,,,증가,36,0,37122
927,스크린토랑,(주)얼라이브러쉬,패스트푸드,,8,37,29,362.5,,,증가,30,1,
928,마몽로제떡볶이,(주)메종이츠,분식,60,48,37,-11,-22.9,-23,-38.3,3년 연속 감소,1,12,
929,반달커피,(주)벨류웍스,커피,,58,37,-21,-36.2,,,감소,0,21,
930,거북이동네,(주)거북이동네,한식,11,24,36,12,50,25,227.3,3년 연속 증가,13,2,1007310
931,솥고집,(주)엠푸드,한식,,28,36,8,28.6,,,증가,12,4,803012
932,79네수육국밥,79푸드컴퍼니(주),기타 외식,34,37,36,-1,-2.7,2,5.9,감소,5,6,450073
933,금복주류,피에스피에프앤디(주),주점,40,42,36,-6,-14.3,-4,-10,감소,4,10,401946
934,백년불고기,(주)백년불고기,기타 외식,33,34,36,2,5.9,3,9.1,3년 연속 증가,4,2,309744
935,탄탄면공방,(주)에이티컴퍼니,분식,48,41,36,-5,-12.2,-12,-25,3년 연속 감소,5,10,232962
936,철인7호,(주)철인에프앤비,치킨,57,50,36,-14,-28,-21,-36.8,3년 연속 감소,5,19,222607
937,NiceCaffeinClub(NCC),(주)드림위드에프씨,커피,1,15,36,21,140,35,3500,3년 연속 증가,21,0,198884
938,스파게티스토리,(주)스토리푸드,기타 외식,50,40,36,-4,-10,-14,-28,3년 연속 감소,1,5,198208
939,맘마찬,(주)맘마찬,한식,,42,36,-6,-14.3,,,감소,7,13,188480
940,송촌꼬마김밥,송촌꼬마김밥,한식,36,36,36,0,0,0,0,유지,1,1,107261
941,CAFE CANBUS(카페캔버스),(주)명진푸드,커피,32,36,36,0,0,4,12.5,유지,4,4,83659
942,덮밥슈퍼,이지에프코리아(EGFCOREA),기타 외식,,45,36,-9,-20,,,감소,14,23,34421
943,김치백서,(주)아이언가이즈,한식,68,40,36,-4,-10,-32,-47.1,3년 연속 감소,7,10,12661
944,석봉토스트,(주)석봉토스트,패스트푸드,51,48,36,-12,-25,-15,-29.4,3년 연속 감소,0,12,
945,화포식당,(주)다이닝에스엠,기타 외식,42,39,35,-4,-10.3,-7,-16.7,3년 연속 감소,3,7,804949
946,샹츠마라,(주)엑스씨글로벌홀딩스,중식,,24,35,11,45.8,,,증가,12,1,728124
947,미아리우동집,(주)제이에스알컴퍼니,한식,,32,35,3,9.4,,,증가,5,2,582497
948,춘향골남원추어탕,(주)춘향골,한식,39,34,35,1,2.9,-4,-10.3,증가,3,2,567614
949,라스트춘선,(주)라스트춘선,한식,10,40,35,-5,-12.5,25,250,감소,5,10,473830
950,역북집,작품하나,한식,11,25,35,10,40,24,218.2,3년 연속 증가,10,0,471093
951,면식당,(주)콘티,일식,,13,35,22,169.2,,,증가,22,0,451860
952,오투닭갈비&부대찌개,(주)다온에프앤비,한식,,32,35,3,9.4,,,증가,7,4,438721
953,도시곳간,(주)도시곳간,기타 외식,35,34,35,1,2.9,0,0,증가,7,6,438056
954,꺼꾸잽이 초장집,(주)마중물컴퍼니,기타 외식,26,29,35,6,20.7,9,34.6,3년 연속 증가,16,10,435930
955,쭈꾸미도사,(주)거북이홀딩스,한식,,41,35,-6,-14.6,,,감소,2,8,403206
956,한가네숯불닭갈비,(주)한경코퍼레이션,한식,,41,35,-6,-14.6,,,감소,4,10,397992
957,왕손피자,(주)왕손,피자,46,35,35,0,0,-11,-23.9,유지,6,8,396262
958,오사이초밥,오사이(주),일식,8,30,35,5,16.7,27,337.5,3년 연속 증가,10,5,364719
959,우규,(주)에스에이치오이사,일식,1,15,35,20,133.3,34,3400,3년 연속 증가,21,1,357120
960,명동칼국수샤브샤브,(주)명동,한식,43,38,35,-3,-7.9,-8,-18.6,3년 연속 감소,2,5,344098
961,온센,(주)온센,일식,,37,35,-2,-5.4,,,감소,5,7,336537
962,도리당,(주)도리당,한식,,8,35,27,337.5,,,증가,29,2,333757
963,다다하다,(주)다다에프앤비,기타 외국식,,,35,,,,,이전 자료 없음,35,0,332158
964,김영희강남동태찜,(주)해피푸드,한식,48,40,35,-5,-12.5,-13,-27.1,3년 연속 감소,0,5,290148
965,굿맘할매순대국&양선지해장국,(주)인화티에프에스,한식,45,42,35,-7,-16.7,-10,-22.2,3년 연속 감소,2,7,283114
966,포트리스,(주)포트리스,기타 외국식,31,34,35,1,2.9,4,12.9,3년 연속 증가,1,0,271031
967,히노아지,(주)젠푸드,일식,43,43,35,-8,-18.6,-8,-18.6,감소,2,10,269505
968,오니기리와이규동,(주)진성종합식품,기타 외식,45,35,35,0,0,-10,-22.2,유지,0,0,253067
969,프랭크커핀바,(주)필인에프앤비,커피,12,30,35,5,16.7,23,191.7,3년 연속 증가,4,0,234480
970,돈오락쪽갈비,(주)지강푸드,한식,41,38,35,-3,-7.9,-6,-14.6,3년 연속 감소,3,5,201650
971,한앤둘치킨,(주)더콥,치킨,,29,35,6,20.7,,,증가,9,3,136852
972,빙달,(주)빙달,아이스크림/빙수,48,36,35,-1,-2.8,-13,-27.1,3년 연속 감소,6,7,124842
973,맘스케익,(주)맘스푸드,제과제빵,37,39,35,-4,-10.3,-2,-5.4,감소,2,6,61237
974,꽃피는곱도리탕,디제이(주),한식,,15,35,20,133.3,,,증가,27,7,
975,이가네양꼬치,이가네양꼬치,중식,23,30,34,4,13.3,11,47.8,3년 연속 증가,6,2,1090708
976,보승회관,보승FC,한식,,43,34,-9,-20.9,,,감소,0,0,1074439
977,뭉텅,(주)잇사이트,한식,1,16,34,18,112.5,33,3300,3년 연속 증가,19,1,648387
978,손찬,㈜에스씨에프앤디,한식,45,40,34,-6,-15,-11,-24.4,3년 연속 감소,0,6,518177
979,경원해물찜0427,경원0427,한식,36,36,34,-2,-5.6,-2,-5.6,감소,2,4,515475
980,밥구정로데오,(주)산들그린,한식,,3,34,31,1033.3,,,증가,31,0,484171
981,순남시래기,바른창업(주),기타 외식,45,41,34,-7,-17.1,-11,-24.4,3년 연속 감소,0,7,426553
982,라와,㈜라와에프앤씨,중식,,31,34,3,9.7,,,증가,9,6,353002
983,감탄계숯불치킨,원앤원(주),치킨,9,26,34,8,30.8,25,277.8,3년 연속 증가,12,4,316247
984,공룡닭발,공룡푸드,기타 외식,38,38,34,-4,-10.5,-4,-10.5,감소,4,8,286371
985,그리너,(주)그리너에프엔비,기타 외식,37,35,34,-1,-2.9,-3,-8.1,3년 연속 감소,4,5,286108
986,히스피(HISFFEE),(주)훈훈한에프앤비,커피,16,25,34,9,36,18,112.5,3년 연속 증가,9,0,222265
987,사랑해베이글,(주)에스투코리아,기타 외식,8,20,34,14,70,26,325,3년 연속 증가,15,1,221786
988,킴브로스 피자&파스타,(주)킴브로스에프앤비,피자,42,,34,,,-8,-19,감소(2년 비교),6,23,213305
989,피자엠소마,JK푸드,피자,,27,34,7,25.9,,,증가,8,1,190606
990,킹스꼬마김밥,킹스코리아,분식,39,36,34,-2,-5.6,-5,-12.8,3년 연속 감소,6,8,177990
991,포아이니(PHOINI),(주)아이윈,기타 외식,,37,34,-3,-8.1,,,감소,9,12,170455
992,짐키친(GYM KITCHEN),(주)짐키친,기타 외식,44,52,34,-18,-34.6,-10,-22.7,감소,3,21,142963
993,데니스,데니스,커피,,35,34,-1,-2.9,,,감소,1,2,131261
994,덮밥집이야,(주)팀프에프앤비,한식,19,41,34,-7,-17.1,15,78.9,감소,15,19,130131
995,요하마라21,(주)마녀부엌,중식,,,34,,,,,이전 자료 없음,34,0,110206
996,3X-LARGE COFFEE,(주)정명에프앤비,커피,13,,34,,,21,161.5,증가(2년 비교),14,4,102387
997,제주쾅쾅돈가스,(주)빛나는에프앤씨,일식,19,49,34,-15,-30.6,15,78.9,감소,10,25,71313
998,불스떡볶이,(주)비케이홀딩스,분식,72,58,34,-24,-41.4,-38,-52.8,3년 연속 감소,2,26,69786
999,돈쫄돈,(주)리치브라더스,기타 외식,57,56,34,-22,-39.3,-23,-40.4,3년 연속 감소,4,26,60714
1000,덮밥.ZIP,(주)마스터아이디,한식,50,49,34,-15,-30.6,-16,-32,3년 연속 감소,18,33,31470
1001,밥꼬찜닭,밥꼬디자인(주),한식,14,29,34,5,17.2,20,142.9,3년 연속 증가,11,6,
1002,해장은 천수냉면,(주)천수에프앤비,한식,14,12,33,21,175,19,135.7,증가,24,3,2027822
1003,마마쿡(MAMA COOK),(주)마마쿡,한식,36,37,33,-4,-10.8,-3,-8.3,감소,6,10,908088
1004,한상차림코다리명가,(주)한상차림코다리명가,한식,21,28,33,5,17.9,12,57.1,3년 연속 증가,5,0,850175
1005,구주,(주)더푸드상상,주점,4,22,33,11,50,29,725,3년 연속 증가,13,2,598683
1006,청록미나리식당,(주)대한푸드,한식,,2,33,31,1550,,,증가,36,5,491276
1007,동백카츠,(주)호도리컴퍼니,일식,15,29,33,4,13.8,18,120,3년 연속 증가,8,4,490549
1008,1인자감자탕,(주)제이에스일인자,한식,29,31,33,2,6.5,4,13.8,3년 연속 증가,2,0,468414
1009,일월육일,(주)다이아컴퍼니,주점,30,42,33,-9,-21.4,3,10,감소,5,14,466532
1010,징기스,(주)이에이치컴퍼니,기타 외식,46,41,33,-8,-19.5,-13,-28.3,3년 연속 감소,0,8,449140
1011,빅쭌부대찌개,(주)빅쭌푸드,기타 외식,30,27,33,6,22.2,3,10,증가,7,1,386928
1012,25센치,이오에프씨(주),일식,25,32,33,1,3.1,8,32,3년 연속 증가,11,10,382318
1013,향리원 마라탕,신화F&B,중식,26,34,33,-1,-2.9,7,26.9,감소,7,8,355289
1014,홍익궁중전통육개장,(주)홍익푸드,한식,38,37,33,-4,-10.8,-5,-13.2,3년 연속 감소,3,7,325199
1015,가얏골감자탕,(주)가야명가,한식,33,33,33,0,0,0,0,유지,1,1,286263
1016,본가집안동국밥곰탕,농업회사법인(주)빛솜푸드(BeetSomFood),한식,30,34,33,-1,-2.9,3,10,감소,6,7,282067
1017,마린보이 코다리1번가,(주)마린푸드,한식,17,,33,,,16,94.1,증가(2년 비교),18,4,277058
1018,마라홀릭,(주)우리이길,중식,35,,33,,,-2,-5.7,감소(2년 비교),0,16,260164
1019,멘야마쯔리,멘야마쯔리(주),일식,45,40,33,-7,-17.5,-12,-26.7,3년 연속 감소,3,10,216986
1020,도스마스,(주)도스마스,기타 외국식,27,27,33,6,22.2,6,22.2,증가,6,0,205430
1021,쿡1015,(주)홍익푸드,기타 외식,75,53,33,-20,-37.7,-42,-56,3년 연속 감소,0,20,191950
1022,오르새피자,(주)제이피케이컴퍼니,피자,44,44,33,-11,-25,-11,-25,감소,2,13,188689
1023,쿼드커피(QUAD COFFEE),(주)쿼드코리아,커피,20,27,33,6,22.2,13,65,3년 연속 증가,11,5,165584
1024,후토루,(주)더뉴스탠다드,일식,1,19,33,14,73.7,32,3200,3년 연속 증가,15,2,106717
1025,병천황토방순대,(주)병천아우내식품,기타 외식,36,33,33,0,0,-3,-8.3,유지,0,0,103535
1026,청년찌개,㈜청년찌개,한식,,57,33,-24,-42.1,,,감소,13,37,102850
1027,점순이 호떡,떡메식품,패스트푸드,24,30,33,3,10,9,37.5,3년 연속 증가,7,4,90437
1028,청춘감성쌀핫도그,(주)청춘감성쌀핫도그,기타 외식,52,40,33,-7,-17.5,-19,-36.5,3년 연속 감소,0,7,41906
1029,디에떼에스프레소,(주)올가,커피,56,33,33,0,0,-23,-41.1,유지,0,0,35931
1030,본초맘죽,(주)미래원에프앤씨,한식,48,40,33,-7,-17.5,-15,-31.2,3년 연속 감소,5,12,33169
1031,SSOJA(쏘자),(주)에스앤비푸드,패스트푸드,46,46,33,-13,-28.3,-13,-28.3,감소,6,21,31376
1032,밤하늘포차 연어육회,(주)정에프앤비,주점,,,33,,,,,이전 자료 없음,33,0,26253
1033,카츠루와,(주)신들의정원,일식,94,59,33,-26,-44.1,-61,-64.9,3년 연속 감소,0,26,
1034,행컵,(주)혜성푸드빌,기타 외식,30,31,33,2,6.5,3,10,3년 연속 증가,6,4,
1035,달빛에 구운 고등어,(주)새모양에프앤비,한식,9,13,32,19,146.2,23,255.6,3년 연속 증가,19,0,1401432
1036,투파인드피터,(주)웨이브,서양식,26,,32,,,6,23.1,증가(2년 비교),3,3,665780
1037,할매솥뚜껑삼겹살,(주)세한푸드,한식,,,32,,,,,이전 자료 없음,32,0,642920
1038,광명대창집,(주)피플블라썸,기타 외식,41,50,32,-18,-36,-9,-22,감소,0,18,507786
1039,포베이,(주)포베이,기타 외식,38,34,32,-2,-5.9,-6,-15.8,3년 연속 감소,2,4,485995
1040,육회야문연어,(주)서영에프앤비,기타 외식,13,22,32,10,45.5,19,146.2,3년 연속 증가,11,1,477817
1041,지랄닭발,(주)더기푸드,치킨,39,32,32,0,0,-7,-17.9,유지,5,5,468764
1042,해운대연탄생갈비,(주)해운대연탄생갈비,한식,,,32,,,,,이전 자료 없음,13,8,374510
1043,돈카춘,푸드케미,일식,,27,32,5,18.5,,,증가,12,7,357698
1044,김태연국민동태탕찜,태연푸드(주),한식,26,,32,,,6,23.1,증가(2년 비교),5,4,351497
1045,만년닭강정,(주)만년푸드,치킨,28,32,32,0,0,4,14.3,유지,6,6,350295
1046,바다수퍼 해물천하조개구이·찜,바다수퍼,한식,,49,32,-17,-34.7,,,감소,0,17,297980
1047,하노이별,(주)만상코리아,기타 외국식,,33,32,-1,-3,,,감소,2,3,263723
1048,입술에 설렌다 빙수당,먹스타브라더스,아이스크림/빙수,3,10,32,22,220,29,966.7,3년 연속 증가,22,0,257076
1049,촌댁맥주,(주)촌댁,주점,45,37,32,-5,-13.5,-13,-28.9,3년 연속 감소,0,5,247645
1050,잇쇼타코야끼,투게더쇼,일식,,31,32,1,3.2,,,증가,1,0,243065
1051,7곡제면소,(주)칠곡에프앤비,한식,,,32,,,,,이전 자료 없음,33,1,233426
1052,전통맛집 할매순대국,(주)한결엔터프라이즈,한식,29,27,32,5,18.5,3,10.3,증가,10,5,203298
1053,채선당도시락&샐러드,(주)채선당,기타 외식,70,,32,,,-38,-54.3,감소(2년 비교),0,14,164906
1054,엘리팝,(주)에쓰와이프랜차이즈,주점,49,44,32,-12,-27.3,-17,-34.7,3년 연속 감소,1,13,162105
1055,그릭하다,그릭하다,기타 외식,27,33,32,-1,-3,5,18.5,감소,8,9,161107
1056,어벤더치커피,(주)카페폴인,커피,53,43,32,-11,-25.6,-21,-39.6,3년 연속 감소,0,11,151837
1057,인생김치찌개,(주)산들그린,한식,101,124,32,-92,-74.2,-69,-68.3,감소,13,105,39035
1058,메가폭탄김치찜,(주)오큐피(OQP),한식,,,32,,,,,이전 자료 없음,32,0,
1059,신불떡볶이,(주)신불식품,분식,57,43,32,-11,-25.6,-25,-43.9,3년 연속 감소,1,12,
1060,미친피자,(주)미친친구들,피자,18,25,31,6,24,13,72.2,3년 연속 증가,6,0,2496871
1061,청기와타운,(주)제이에스와이푸드,한식,14,29,31,2,6.9,17,121.4,3년 연속 증가,5,3,1808186
1062,삼송빵집,(주)삼송비엔씨(BNC),제과제빵,15,24,31,7,29.2,16,106.7,3년 연속 증가,9,2,769320
1063,후라토식당,(주)석찬,일식,18,27,31,4,14.8,13,72.2,3년 연속 증가,5,1,678660
1064,올리앤(Ollien),(주)올앤컴퍼니,서양식,36,32,31,-1,-3.1,-5,-13.9,3년 연속 감소,2,3,665719
1065,고깃리88번지,(주)고깃리88번지,한식,4,17,31,14,82.4,27,675,3년 연속 증가,14,0,596051
1066,꾸아(Qua),(주)찹찹푸드,기타 외국식,,22,31,9,40.9,,,증가,11,3,501040
1067,쌈촌,(주)쌈촌패밀리,기타 외국식,37,34,31,-3,-8.8,-6,-16.2,3년 연속 감소,0,3,435921
1068,헬키푸키,㈜헬키푸키,기타 외식,6,13,31,18,138.5,25,416.7,3년 연속 증가,18,0,361066
1069,배통,(주)배통,치킨,25,28,31,3,10.7,6,24,3년 연속 증가,19,16,342909
1070,리파인,(주)고트제이엠케이,한식,24,39,31,-8,-20.5,7,29.2,감소,7,15,339139
1071,청주본가,(주)영광식품,기타 외식,35,33,31,-2,-6.1,-4,-11.4,3년 연속 감소,2,4,321739
1072,천안옛날호두과자,(주)능수제과옛날호두과자,제과제빵,26,28,31,3,10.7,5,19.2,3년 연속 증가,3,0,317085
1073,피자닭터,(주)플래넷에프앤디,서양식,,15,31,16,106.7,,,증가,17,1,307951
1074,파이널나인,파이널나인(주),기타 외식,11,7,31,24,342.9,20,181.8,증가,25,1,294814
1075,모미락,(주)모미락멤버스,기타 외식,23,29,31,2,6.9,8,34.8,3년 연속 증가,5,3,265031
1076,진성아구찜,진성,한식,31,31,31,0,0,0,0,유지,1,1,257834
1077,동춘돌곱창,(주)모두가족,한식,35,38,31,-7,-18.4,-4,-11.4,감소,9,16,235235
1078,치밥대장숯불양념92치킨,(주)괴짜푸드컴퍼니,치킨,,28,31,3,10.7,,,증가,11,8,233373
1079,보고싶다,보고싶다(주),기타 외식,65,48,31,-17,-35.4,-34,-52.3,3년 연속 감소,2,19,228698
1080,야들리애,(주)제이케이글로벌,치킨,38,34,31,-3,-8.8,-7,-18.4,3년 연속 감소,1,4,216232
1081,마성떡볶이,(주)마성,분식,42,36,31,-5,-13.9,-11,-26.2,3년 연속 감소,4,9,206408
1082,연돈튀김덮밥,(주)더본코리아,분식,,,31,,,,,이전 자료 없음,0,18,205182
1083,연남물갈비,(주)퍼팩트폼,한식,55,51,31,-20,-39.2,-24,-43.6,3년 연속 감소,0,18,194783
1084,카페16온스,(주)카페16온스,커피,17,27,31,4,14.8,14,82.4,3년 연속 증가,8,4,170726
1085,정글비,정글비,커피,20,23,31,8,34.8,11,55,3년 연속 증가,11,3,162262
1086,종국이두마리치킨,종국이두마리치킨체인본부,치킨,43,39,31,-8,-20.5,-12,-27.9,3년 연속 감소,0,8,152832
1087,빨봉분식,(주)비엔피푸드,기타 외식,49,41,31,-10,-24.4,-18,-36.7,3년 연속 감소,0,10,123102
1088,빚은,(주)에스피씨삼립,기타 외식,44,35,31,-4,-11.4,-13,-29.5,3년 연속 감소,0,4,116387
1089,오슬로우(OHSLOW),(주)에스씨에스에프앤비,커피,29,31,31,0,0,2,6.9,유지,5,5,115700
1090,스트릿 1988,키스톤에프앤비(주),커피,1,30,31,1,3.3,30,3000,3년 연속 증가,8,7,87916
1091,샌드리아,(주)엘에이치지,기타 외식,48,43,31,-12,-27.9,-17,-35.4,3년 연속 감소,3,15,86899
1092,누들보쌈배달만족,(주)제이앤피몽뜨레,한식,45,36,31,-5,-13.9,-14,-31.1,3년 연속 감소,2,7,41774
1093,순수빙떡,(주)디에이치엠에프앤비,아이스크림/빙수,37,36,31,-5,-13.9,-6,-16.2,3년 연속 감소,11,16,27883
1094,호텔토랑,(주)심부룸,패스트푸드,,33,31,-2,-6.1,,,감소,15,17,
1095,삼계탕이요,(주)다은푸드,한식,41,53,31,-22,-41.5,-10,-24.4,감소,20,42,
1096,헤리턴스Cafe,(주)헤리턴스,커피,,,31,,,,,이전 자료 없음,31,0,
1097,갓잇,(주)더갓,기타 외식,,6,30,24,400,,,증가,24,0,907828
1098,천년닭강정,(주)그남자네식품,치킨,,,30,,,,,이전 자료 없음,30,0,790819
1099,삼환축산,(주)쓰리티에이치이,한식,21,31,30,-1,-3.2,9,42.9,감소,1,2,758781
1100,샤브쌈주머니,위드몬,한식,28,32,30,-2,-6.2,2,7.1,감소,2,4,743071
1101,반포식스,(주)테이스티컴퍼니,기타 외국식,20,29,30,1,3.4,10,50,3년 연속 증가,2,1,719648
1102,링코(RINKO),(주)드링코코리아,주점,34,30,30,0,0,-4,-11.8,유지,3,3,666272
1103,두거리우신탕,(주)거산푸드,한식,25,28,30,2,7.1,5,20,3년 연속 증가,4,2,618392
1104,첨단돌솥감자탕,(주)디케이푸드,한식,26,27,30,3,11.1,4,15.4,3년 연속 증가,4,1,484852
1105,홍대개미,(주)후니에프앤비,기타 외식,,36,30,-6,-16.7,,,감소,1,7,451875
1106,장수본가해장국,(주)장수엔터프라이즈,한식,21,27,30,3,11.1,9,42.9,3년 연속 증가,5,2,447315
1107,고기궁전,푸드몬스터,한식,22,28,30,2,7.1,8,36.4,3년 연속 증가,4,2,352229
1108,치킨인류,(주)비에스비푸드,치킨,36,22,30,8,36.4,-6,-16.7,증가,12,4,344457
1109,차돌풍,(주)제이엔케이컴퍼니,한식,,40,30,-10,-25,,,감소,1,11,335955
1110,푸드모바일,(주)노다웃에프앤비,한식,64,46,30,-16,-34.8,-34,-53.1,3년 연속 감소,0,16,331379
1111,휴게소,(주)레스트아레아,커피,,20,30,10,50,,,증가,11,1,301164
1112,범맥주,(주)타베코리아,주점,61,58,30,-28,-48.3,-31,-50.8,3년 연속 감소,2,30,295561
1113,얼맥당,(주)얼맥당,주점,25,29,30,1,3.4,5,20,3년 연속 증가,4,3,275895
1114,파머스포케,(주)파머스에프앤비,기타 외식,,,30,,,,,이전 자료 없음,30,0,245788
1115,효자동설렁탕,㈜두투미,한식,20,40,30,-10,-25,10,50,감소,8,20,232923
1116,BT버거앤타코 (BURGER&TACO),(주)해냄,패스트푸드,,11,30,19,172.7,,,증가,21,2,210757
1117,꽈배기진,에스와이푸드,제과제빵,,14,30,16,114.3,,,증가,16,0,147717
1118,짬뽕도감,거니푸드,기타 외식,,,30,,,,,이전 자료 없음,42,12,136279
1119,밥통령,(주)미식주,한식,56,45,30,-15,-33.3,-26,-46.4,3년 연속 감소,0,15,86725
1120,피자애,(주)피자애,피자,40,34,30,-4,-11.8,-10,-25,3년 연속 감소,3,7,84749
1121,곱깨비,곱깨비에프앤씨,한식,45,40,30,-10,-25,-15,-33.3,3년 연속 감소,4,14,82782
1122,에그존,(주)국민키친,기타 외식,24,32,30,-2,-6.2,6,25,감소,5,7,70641
1123,찜꽁찜닭,(주)엠브로컴퍼니,한식,30,48,30,-18,-37.5,0,0,감소,4,22,13355
1124,깨봉이국물떡볶이,대양에프앤비,분식,25,28,30,2,7.1,5,20,3년 연속 증가,16,14,
1125,파스타엔포크,피엔피에프앤비,기타 외식,,,30,,,,,이전 자료 없음,30,0,
1126,폼미쳤닭,(주)오큐피(OQP),한식,,,30,,,,,이전 자료 없음,30,0,
1127,국밥도감,그집푸드,한식,19,42,30,-12,-28.6,11,57.9,감소,12,24,
1128,깐깐한족발,(주)깐깐한패밀리,기타 외식,30,28,29,1,3.6,-1,-3.3,증가,2,1,1134764
1129,시장을 여는 사람들,(주)에이치더블,주점,16,24,29,5,20.8,13,81.3,3년 연속 증가,5,0,998125
1130,대한냉면,대한냉면(주),한식,16,25,29,4,16,13,81.3,3년 연속 증가,7,3,760120
1131,눈꽃대패,눈꽃푸드,기타 외식,27,30,29,-1,-3.3,2,7.4,감소,4,5,716216
1132,마케집,(주)제이알에프앤씨,일식,15,30,29,-1,-3.3,14,93.3,감소,6,7,632296
1133,삼덕통닭,(주)삼덕,치킨,5,19,29,10,52.6,24,480,3년 연속 증가,10,0,578657
1134,장가네 일품순두부,(주)일품순두부,한식,21,27,29,2,7.4,8,38.1,3년 연속 증가,3,1,538527
1135,만천복집 흑염소,㈜에쓰와이프랜차이즈,한식,,,29,,,,,이전 자료 없음,29,0,520265
1136,짬뽕10101,(주)고구려푸드,중식,33,35,29,-6,-17.1,-4,-12.1,감소,2,8,519562
1137,마요네즈 (mayonnaise),㈜팀보트에프씨,일식,25,39,29,-10,-25.6,4,16,감소,7,17,485170
1138,삼겹식당,㈜태산에프씨,기타 외식,20,33,29,-4,-12.1,9,45,감소,3,7,418447
1139,명태어장앤쭈갑골,(주)케이더블유에프,한식,10,20,29,9,45,19,190,3년 연속 증가,12,3,394497
1140,아담만두,아담만두,한식,7,9,29,20,222.2,22,314.3,3년 연속 증가,23,3,363888
1141,포슈아,(주)네모푸드,기타 외국식,,45,29,-16,-35.6,,,감소,0,16,338536
1142,1984 그수육집칼국수,(주)1984더하우스컴퍼니,한식,6,20,29,9,45,23,383.3,3년 연속 증가,9,0,334838
1143,닭이봉춘천닭갈비,진푸드서비스,기타 외식,,30,29,-1,-3.3,,,감소,2,3,298000
1144,목우촌웰빙마을,(주)농협목우촌,기타 외식,42,35,29,-6,-17.1,-13,-31,3년 연속 감소,0,6,281175
1145,칠분통닭,칠분통닭,치킨,,21,29,8,38.1,,,증가,8,0,274721
1146,커피스미스,커피스미스에프씨(주),기타 외식,36,33,29,-4,-12.1,-7,-19.4,3년 연속 감소,2,6,258168
1147,산쪼메,(주)코리아엠엔에스,기타 외식,33,31,29,-2,-6.5,-4,-12.1,3년 연속 감소,2,4,253601
1148,양마니찌개마을,(주)이드림브릿지,한식,20,21,29,8,38.1,9,45,3년 연속 증가,10,2,249477
1149,진미대왕통닭,베스트프랜차이즈컨설팅,치킨,37,27,29,2,7.4,-8,-21.6,증가,10,8,247103
1150,냅다청양집,(주)본질에프앤비,한식,10,13,29,16,123.1,19,190,3년 연속 증가,24,8,245344
1151,오부장치킨,(주)본에스디코리아,치킨,32,30,29,-1,-3.3,-3,-9.4,3년 연속 감소,2,3,201450
1152,교동전선생,(주)교동,한식,34,33,29,-4,-12.1,-5,-14.7,3년 연속 감소,0,4,198487
1153,따삐오,(주)에스피씨삼립,제과제빵,47,42,29,-13,-31,-18,-38.3,3년 연속 감소,0,13,165879
1154,반미362,(주)케이푸드코리아코퍼레이션,기타 외국식,,31,29,-2,-6.5,,,감소,2,3,158651
1155,날쌘카페,날쌘카페(주),커피,52,,29,,,-23,-44.2,감소(2년 비교),9,21,151459
1156,덕수파스타 딜리버리,(주)씨피알프로젝트,서양식,98,,29,,,-69,-70.4,감소(2년 비교),0,34,139663
1157,라오니피자,라오니F&B,피자,,26,29,3,11.5,,,증가,5,2,134303
1158,블럭제빵소,웰킵스푸드(주),제과제빵,47,42,29,-13,-31,-18,-38.3,3년 연속 감소,3,16,132514
1159,크레이저커피(C.Razer Coffee),(주)엠프티랩,커피,29,33,29,-4,-12.1,0,0,감소,3,7,129426
1160,백금당,백금당,커피,32,30,29,-1,-3.3,-3,-9.4,3년 연속 감소,1,2,124584
1161,영구스피자,(주)영구스피자,피자,38,,29,,,-9,-23.7,감소(2년 비교),1,2,119884
1162,그라찌에,(주)풍전에프앤비,기타 외식,38,38,29,-9,-23.7,-9,-23.7,감소,1,10,116037
1163,든든볶음밥,(주)유니쉐프딜리버리,한식,,14,29,15,107.1,,,증가,23,8,97925
1164,덮밥90도씨,(주)범브로스,한식,76,50,29,-21,-42,-47,-61.8,3년 연속 감소,9,30,78330
1165,청년분식,(주)외식파트너,분식,21,,29,,,8,38.1,증가(2년 비교),7,13,64463
1166,씨에프숯불바베큐치킨,(주)씨에프,치킨,30,30,29,-1,-3.3,-1,-3.3,감소,0,1,53108
1167,김삼구,(주)산들그린,한식,1,68,29,-39,-57.4,28,2800,감소,11,50,17330
1168,치순이통닭,유림에프앤비(유),치킨,27,29,29,0,0,2,7.4,유지,4,4,12118
1169,궁 잔기지떡,(주)대령숙수,기타 외식,28,30,29,-1,-3.3,1,3.6,감소,2,3,
1170,신화불닭발,신화,치킨,29,28,29,1,3.6,0,0,증가,1,0,
1171,샤브연리지,(주)늘봄에프엔씨,한식,,10,28,18,180,,,증가,19,1,1711525
1172,돈까스클럽,(주)일승식품,서양식,35,33,28,-5,-15.2,-7,-20,3년 연속 감소,0,5,915014
1173,민영활어공장,(주)민영푸드,한식,18,19,28,9,47.4,10,55.6,3년 연속 증가,11,2,860254
1174,남영동양문,(주)고씨네푸드,한식,5,28,28,0,0,23,460,유지,9,9,790356
1175,양산도,(주)양산도,한식,15,23,28,5,21.7,13,86.7,3년 연속 증가,6,1,752061
1176,몬스터포,몬스터포(주),기타 외식,18,26,28,2,7.7,10,55.6,3년 연속 증가,4,2,650266
1177,피슈 마라홍탕,(주)피슈애프앤씨,중식,48,42,28,-14,-33.3,-20,-41.7,3년 연속 감소,1,15,589503
1178,달래해장,(주)달래에프앤비,한식,44,49,28,-21,-42.9,-16,-36.4,감소,5,26,579987
1179,김명자낙지마당,(주)김명자,한식,39,32,28,-4,-12.5,-11,-28.2,3년 연속 감소,2,6,577741
1180,응큼떡볶이,(주)제스트원,분식,4,16,28,12,75,24,600,3년 연속 증가,12,0,426049
1181,하나돈까스,(주)파나,일식,16,24,28,4,16.7,12,75,3년 연속 증가,5,1,407052
1182,Emoi(에머이),(주)에머이,기타 외국식,48,35,28,-7,-20,-20,-41.7,3년 연속 감소,1,8,402384
1183,김용덕의 소문난 부자국밥,리처스코리아,한식,36,36,28,-8,-22.2,-8,-22.2,감소,1,9,391952
1184,록갈비,록갈비,한식,1,12,28,16,133.3,27,2700,3년 연속 증가,16,0,383330
1185,리김밥,(주)리앤케이인터내셔널,분식,40,31,28,-3,-9.7,-12,-30,3년 연속 감소,0,3,352134
1186,족발예찬,(주)미라클바이러스,한식,16,24,28,4,16.7,12,75,3년 연속 증가,10,6,329479
1187,믹스토랑,(주)비비다컴,서양식,16,23,28,5,21.7,12,75,3년 연속 증가,7,2,317788
1188,장미맨숀,(유)장미에프앤씨,주점,65,36,28,-8,-22.2,-37,-56.9,3년 연속 감소,1,7,271991
1189,시루향기,(주)향기나는사람들,한식,34,31,28,-3,-9.7,-6,-17.6,3년 연속 감소,2,5,263311
1190,전주남문조춘자토종피순대국,(주)비엔에스푸드,한식,26,27,28,1,3.7,2,7.7,3년 연속 증가,1,0,229396
1191,바른곱창,(주)제이오에프앤씨,기타 외식,27,28,28,0,0,1,3.7,유지,10,10,225961
1192,엘에이치씨피자탑(LHC PIZZA TOP),(주)탑에프앤씨,피자,48,35,28,-7,-20,-20,-41.7,3년 연속 감소,7,14,208182
1193,가르텐호프앤레스트,(주)비어프랜드,주점,39,32,28,-4,-12.5,-11,-28.2,3년 연속 감소,0,4,188911
1194,라화공방,라화공방사업본부,중식,15,30,28,-2,-6.7,13,86.7,감소,1,3,183415
1195,우동야마이루식,(주)제스트원,일식,,16,28,12,75,,,증가,12,0,157990
1196,아이벗 치킨,아이프랜드,치킨,35,30,28,-2,-6.7,-7,-20,3년 연속 감소,1,3,140878
1197,덮밥석쇠구이,(주)제스트원,한식,,16,28,12,75,,,증가,12,0,131748
1198,볶찜,(주)바이럴,한식,87,67,28,-39,-58.2,-59,-67.8,3년 연속 감소,2,41,123194
1199,달빛맥주,(주)제이에스인터푸드,주점,,32,28,-4,-12.5,,,감소,5,9,122922
1200,샐럽스프(SALADSOUP),샐럽스프컴퍼니,기타 외식,,19,28,9,47.4,,,증가,14,5,118288
1201,허갈닭강정,(주)유성에프앤비,치킨,37,29,28,-1,-3.4,-9,-24.3,3년 연속 감소,1,2,88808
1202,파주닭국수,(주)송정푸드,한식,26,24,28,4,16.7,2,7.7,증가,10,6,76301
1203,JBD 본 종로빈대떡,체인사업부JBD본종로빈대떡,한식,27,28,28,0,0,1,3.7,유지,2,2,33030
1204,신밥도둑,(주)신밥도둑,한식,,45,28,-17,-37.8,,,감소,0,17,19628
1205,코브라독스,(주)에스에프씨,패스트푸드,7,17,28,11,64.7,21,300,3년 연속 증가,21,10,
1206,구삼짜글이,(주)푸드법인탑테이스트,한식,75,55,28,-27,-49.1,-47,-62.7,3년 연속 감소,4,31,
1207,담가 화로구이,(주)담가,한식,,,27,,,,,이전 자료 없음,27,0,2010833
1208,스시이안앤,(주)스시이안,일식,,11,27,16,145.5,,,증가,17,1,1302259
1209,스시노칸도,(주)스시히로미,일식,25,28,27,-1,-3.6,2,8,감소,3,4,1138462
1210,닭동가리,㈜원팀,한식,,3,27,24,800,,,증가,24,0,644024
1211,품육,(주)피와이,한식,,,27,,,,,이전 자료 없음,18,5,636894
1212,뉴코뮤직타운,(주)엘라단,주점,26,28,27,-1,-3.6,1,3.8,감소,1,2,468511
1213,단성무이,(주)트루플리,주점,7,25,27,2,8,20,285.7,3년 연속 증가,5,3,461624
1214,미스타교자,(주)재혁,일식,,5,27,22,440,,,증가,24,2,424688
1215,한방전주콩나물국밥,(주)한사랑푸드,한식,52,34,27,-7,-20.6,-25,-48.1,3년 연속 감소,0,7,416382
1216,엠브로돈까스,(주)엠브로,일식,10,18,27,9,50,17,170,3년 연속 증가,9,0,401465
1217,허광웅의 아구세상,대찬아구세상,한식,9,15,27,12,80,18,200,3년 연속 증가,13,1,392968
1218,무봤나촌닭,(주)무촌식품,치킨,31,26,27,1,3.8,-4,-12.9,증가,2,1,364240
1219,목촌사골돼지국밥,(주)행운식품,한식,26,28,27,-1,-3.6,1,3.8,감소,6,7,360079
1220,시골 통돼지볶음,코아FS,한식,26,29,27,-2,-6.9,1,3.8,감소,2,4,328276
1221,장혁민의 부대찌개,(주)봄날푸드,기타 외식,32,31,27,-4,-12.9,-5,-15.6,3년 연속 감소,3,7,313042
1222,야끼니꾸소량,㈜리앤케이인터내셔널,일식,7,26,27,1,3.8,20,285.7,3년 연속 증가,10,9,307290
1223,투고샐러드 (TOGOSALAD),(주)브로스고,기타 외식,38,28,27,-1,-3.6,-11,-28.9,3년 연속 감소,4,5,296806
1224,원조의령소바,(주)의령소바,한식,31,26,27,1,3.8,-4,-12.9,증가,4,3,293050
1225,고급양식,(주)에이치이디푸드,서양식,25,27,27,0,0,2,8,유지,9,9,290827
1226,도리신닭도리탕,옥푸드,한식,12,25,27,2,8,15,125,3년 연속 증가,4,2,279722
1227,원조설악추어탕,(주)케리온,기타 외식,32,,27,,,-5,-15.6,감소(2년 비교),0,3,262889
1228,해두리치킨,(주)해두리푸드,기타 외식,,23,27,4,17.4,,,증가,11,7,259218
1229,풍덕천 두꺼비집,(주)포앤디코리아,주점,25,31,27,-4,-12.9,2,8,감소,6,10,236503
1230,커피인류,(주)커피인류,커피,32,,27,,,-5,-15.6,감소(2년 비교),3,5,228259
1231,청년순대국,(주)외식파트너,한식,38,30,27,-3,-10,-11,-28.9,3년 연속 감소,15,17,226593
1232,퍼스트커피,(주)한국바리스타자격검정협회,커피,24,40,27,-13,-32.5,3,12.5,감소,5,12,203756
1233,김밥킹,(주)아이윈엔터프라이즈,분식,,32,27,-5,-15.6,,,감소,3,8,187914
1234,700비어,칠공공비어(주),주점,35,,27,,,-8,-22.9,감소(2년 비교),0,2,186284
1235,당신은지금치킨이땡긴다,(주)바이포엠에프앤티(BY4MFNTCorp.),치킨,84,56,27,-29,-51.8,-57,-67.9,3년 연속 감소,5,34,183303
1236,치킨더홈,(주)멕시카나,치킨,,73,27,-46,-63,,,감소,0,22,177831
1237,big eye 우리동네 참치정육점,우리동네참치정육점,일식,23,19,27,8,42.1,4,17.4,증가,8,0,176638
1238,윤반장,(주)에프엔아이컴퍼니,한식,41,65,27,-38,-58.5,-14,-34.1,감소,4,42,145994
1239,오가다,(주)오가다,음료 (커피 외),40,33,27,-6,-18.2,-13,-32.5,3년 연속 감소,0,5,142483
1240,한근김치찜,제이엠티,한식,8,23,27,4,17.4,19,237.5,3년 연속 증가,15,11,85218
1241,오늘은새우회,(주)곰솔에프앤비,일식,9,26,27,1,3.8,18,200,3년 연속 증가,15,14,66289
1242,WITCH COFFEE,(주)위치에프앤비,기타 외식,,38,27,-11,-28.9,,,감소,0,11,41173
1243,본초불닭발,(주)미래원에프앤씨,한식,41,36,27,-9,-25,-14,-34.1,3년 연속 감소,2,11,38834
1244,진된장,(주)진담,한식,6,29,27,-2,-6.9,21,350,감소,2,4,34245
1245,화르화르,(주)에이치브라더스,치킨,27,27,27,0,0,0,0,유지,0,0,
1246,청진동해장국,(주)씨제이디푸드시스템,한식,30,,27,,,-3,-10,감소(2년 비교),0,3,
1247,만재네,㈜만재푸드,한식,4,15,26,11,73.3,22,550,3년 연속 증가,11,0,1162416
1248,한양고깃집,(주)한양고깃집,한식,,20,26,6,30,,,증가,6,0,834809
1249,미도인(味道人),㈜위드컴퍼니에이치앤비,기타 외식,22,26,26,0,0,4,18.2,유지,2,2,772787
1250,ADP올데이파스타,에이디컴퍼니,기타 외식,,5,26,21,420,,,증가,21,0,669974
1251,메콩타이,(주)메콩타이컴퍼니,기타 외국식,30,28,26,-2,-7.1,-4,-13.3,3년 연속 감소,0,2,613340
1252,조가네갑오징어,(주)조앤이푸드,한식,24,25,26,1,4,2,8.3,3년 연속 증가,2,1,562157
1253,강남교자,(주)강남교자,기타 외식,20,21,26,5,23.8,6,30,3년 연속 증가,8,3,489035
1254,MH백년수갈비,성호미트,기타 외식,20,22,26,4,18.2,6,30,3년 연속 증가,4,0,429846
1255,다이닝야경,(주)다이닝야경,일식,,21,26,5,23.8,,,증가,8,3,388478
1256,오레노카츠,(주)상승에프앤비,일식,21,28,26,-2,-7.1,5,23.8,감소,4,6,321070
1257,일일양,(주)일일양에프엔비,한식,29,35,26,-9,-25.7,-3,-10.3,감소,0,9,301408
1258,김치찌개미화식당,(주)미화에프앤비,한식,19,,26,,,7,36.8,증가(2년 비교),5,1,300565
1259,옐로우피자(YELLOW PIZZA),(주)옐로우에프앤비,피자,,34,26,-8,-23.5,,,감소,0,8,299399
1260,달인 박경규 항아리보쌈,항아리보쌈,한식,29,,26,,,-3,-10.3,감소(2년 비교),2,2,297896
1261,힘난다버거,(주)힘난다,패스트푸드,38,,26,,,-12,-31.6,감소(2년 비교),8,10,263127
1262,바다가 내손아귀,(주)에스에프코퍼레이션(SFCORPORATION),한식,7,16,26,10,62.5,19,271.4,3년 연속 증가,13,3,255852
1263,마이카츠,(주)더원코리아,기타 외식,29,29,26,-3,-10.3,-3,-10.3,감소,0,3,245050
1264,기소야,(주)공영식품,일식,30,30,26,-4,-13.3,-4,-13.3,감소,0,4,245001
1265,기통찬족발,(주)늘품푸드,기타 외식,22,25,26,1,4,4,18.2,3년 연속 증가,3,2,225963
1266,로드락 후라이드,리치푸드(주),기타 외식,10,20,26,6,30,16,160,3년 연속 증가,13,7,221571
1267,공만치킨,(주)공만치킨,치킨,,28,26,-2,-7.1,,,감소,4,6,214932
1268,샐러바웃,(주)정직한친구들,기타 외식,27,30,26,-4,-13.3,-1,-3.7,감소,3,7,182859
1269,무마진덮밥,(주)무진그룹,한식,,5,26,21,420,,,증가,21,0,170834
1270,밥장인,(주)밥장인,한식,35,28,26,-2,-7.1,-9,-25.7,3년 연속 감소,5,8,152367
1271,타코로,(주)가온에프앤비,기타 외식,,9,26,17,188.9,,,증가,19,2,147859
1272,인정후라이드,(주)인정메이트,치킨,,,26,,,,,이전 자료 없음,19,15,129656
1273,킹스타피자,(주)스타푸드코리아,피자,42,34,26,-8,-23.5,-16,-38.1,3년 연속 감소,0,8,119475
1274,쏭스클럽핫도그,(주)쏭앤킴푸드,기타 외식,31,28,26,-2,-7.1,-5,-16.1,3년 연속 감소,1,3,68171
1275,새우치킨덤,도움,치킨,,37,26,-11,-29.7,,,감소,8,19,65760
1276,꿀복이 꽈배기,드림에프에스,제과제빵,18,25,26,1,4,8,44.4,3년 연속 증가,14,13,43754
1277,배달비무료치밥&제육,(주)세현에프앤비,치킨,,,26,,,,,이전 자료 없음,26,0,24601
1278,개미집,(주)낙지볶음개미집,한식,38,34,26,-8,-23.5,-12,-31.6,3년 연속 감소,0,8,
1279,취향마라,(주)취향에프앤비,중식,16,31,26,-5,-16.1,10,62.5,감소,1,6,
1280,정가대박집,(주)정웅,한식,30,25,25,0,0,-5,-16.7,유지,4,4,927579
1281,제주곤이 칼국수,(주)제주곤이칼국수,한식,1,18,25,7,38.9,24,2400,3년 연속 증가,15,8,478514
1282,GTS BURGER,지티에스버거,서양식,12,15,25,10,66.7,13,108.3,3년 연속 증가,11,1,436920
1283,보영만두,(주)보영,분식,26,25,25,0,0,-1,-3.8,유지,0,0,433269
1284,느린마을양조장,(주)배상면주가,주점,7,9,25,16,177.8,18,257.1,3년 연속 증가,17,1,430869
1285,샵도쿄시장,(주)샤프한사람들,주점,26,23,25,2,8.7,-1,-3.8,증가,5,3,402773
1286,한결통아구찜,한결프렌차이즈,한식,28,29,25,-4,-13.8,-3,-10.7,감소,4,8,398845
1287,청양일초,(주)청해,한식,23,26,25,-1,-3.8,2,8.7,감소,4,5,381860
1288,엉터리생고기 두번째이야기 무한삼겹,(주)엉터리,기타 외식,43,33,25,-8,-24.2,-18,-41.9,3년 연속 감소,0,8,360481
1289,정정아식당,정정아푸드(주),기타 외식,23,25,25,0,0,2,8.7,유지,2,2,353099
1290,경성양꼬치,(주)천지,기타 외국식,28,31,25,-6,-19.4,-3,-10.7,감소,1,7,350047
1291,부엉이돈가스,(주)부엉이에프엔비,기타 외식,28,26,25,-1,-3.8,-3,-10.7,3년 연속 감소,2,3,346986
1292,리틀하노이(LittleHANOI),(주)글로리본,기타 외국식,35,31,25,-6,-19.4,-10,-28.6,3년 연속 감소,2,8,332640
1293,인생설렁탕,(주)더본코리아,한식,32,27,25,-2,-7.4,-7,-21.9,3년 연속 감소,2,4,332275
1294,간빠이,(주)제이스타임,주점,,,25,,,,,이전 자료 없음,25,0,327744
1295,오늘애김밥,(주)오늘애,분식,20,24,25,1,4.2,5,25,3년 연속 증가,5,4,313805
1296,쌍둥이숯불두마리치킨,숯불치킨전문기업투엘,치킨,17,27,25,-2,-7.4,8,47.1,감소,2,4,298783
1297,솜리치킨,솜리치킨서신점,치킨,,,25,,,,,이전 자료 없음,9,1,288864
1298,얌스,(주)새모양에프앤비,기타 외식,26,27,25,-2,-7.4,-1,-3.8,감소,0,2,286851
1299,랑데자뷰(RENDEJAVOUS),(주)랑데자뷰,커피,37,29,25,-4,-13.8,-12,-32.4,3년 연속 감소,3,7,272001
1300,버거운버거(BURGER UN BURGER),(주)안스푸드,패스트푸드,9,19,25,6,31.6,16,177.8,3년 연속 증가,7,1,239638
1301,소미담,(주)엔핌,커피,1,10,25,15,150,24,2400,3년 연속 증가,17,2,236267
1302,알촌,알촌프렌차이즈,분식,35,33,25,-8,-24.2,-10,-28.6,3년 연속 감소,0,8,223845
1303,두심스 독도해물알찜,디디에프앤에스(DDF&S),한식,27,26,25,-1,-3.8,-2,-7.4,3년 연속 감소,5,6,220232
1304,오지버거,(주)정직한스푼,패스트푸드,15,23,25,2,8.7,10,66.7,3년 연속 증가,9,7,218780
1305,젓가락질 잘해야만 밥을 먹나요,배달더쿡,한식,6,14,25,11,78.6,19,316.7,3년 연속 증가,13,2,217900
1306,커피볶는시골커피,(주)재나컴퍼니,커피,5,10,25,15,150,20,400,3년 연속 증가,17,2,196520
1307,컵넛(cupnut),컵넛(cupnut),제과제빵,22,26,25,-1,-3.8,3,13.6,감소,3,4,182634
1308,돼지팥빙수,(주)백로,기타 외식,33,25,25,0,0,-8,-24.2,유지,1,1,173389
1309,샐러데이즈(Salad Days),(주)루피쿡,기타 외식,39,36,25,-11,-30.6,-14,-35.9,3년 연속 감소,3,14,166812
1310,또또닭강정,(주)홈앤치킨,치킨,22,20,25,5,25,3,13.6,증가,6,1,162324
1311,에슬로우커피 (ESLOW COFFEE),(주)에슬로우,커피,33,26,25,-1,-3.8,-8,-24.2,3년 연속 감소,3,4,161770
1312,달다곰이,(주)달다곰이,커피,7,,25,,,18,257.1,증가(2년 비교),10,2,144079
1313,꼬꼬아찌,(주)세경에프앤비,치킨,37,30,25,-5,-16.7,-12,-32.4,3년 연속 감소,1,6,116382
1314,꾸꾸삼겹,(주)시연에프앤비,한식,56,49,25,-24,-49,-31,-55.4,3년 연속 감소,3,27,108746
1315,앙호두,앙호두,제과제빵,,3,25,22,733.3,,,증가,23,1,108607
1316,경두치,(주)위캔두잇,치킨,,,25,,,,,이전 자료 없음,25,0,96457
1317,진탱 불곱창&불닭발,진심컴퍼니,한식,39,33,25,-8,-24.2,-14,-35.9,3년 연속 감소,13,16,83135
1318,까뿌족,이지에프코리아(EGFCOREA),기타 외식,,25,25,0,0,,,유지,11,11,59611
1319,커피무카24,24시셀프카페목2동점,커피,,25,25,0,0,,,유지,12,12,50901
1320,패스트카페,(주)토즈스페이스,커피,34,31,25,-6,-19.4,-9,-26.5,3년 연속 감소,1,7,20919
1321,오름순돼국밥,(주)모아드림에프앤비,한식,,41,25,-16,-39,,,감소,6,22,6825
1322,쪼쪼찜닭,(주)마스터아이디,한식,,,25,,,,,이전 자료 없음,27,2,5399
1323,치교치킨,㈜아이언가이즈,치킨,39,31,25,-6,-19.4,-14,-35.9,3년 연속 감소,0,5,3621
1324,천사곱창,(주)식스텐비즈,한식,,27,25,-2,-7.4,,,감소,0,2,
1325,오대륙통닭,한길오대륙통닭,기타 외식,21,21,25,4,19,4,19,증가,5,1,
1326,덮밥어때,(주)캔푸드,한식,,,25,,,,,이전 자료 없음,25,0,
1327,깡돈,제이에이치(JH)푸드,기타 외식,27,,25,,,-2,-7.4,감소(2년 비교),4,7,
1328,우대포,(주)상상에프앤비,한식,,,24,,,,,이전 자료 없음,24,0,1581667
1329,고굽남 고기굽는남자,(주)엔제이컴퍼니,기타 외식,20,21,24,3,14.3,4,20,3년 연속 증가,3,0,1317380
1330,청담족발,(주)이재현푸드,한식,,14,24,10,71.4,,,증가,11,1,1266323
1331,밥풀떼기,(주)비에프코리아,한식,,,24,,,,,이전 자료 없음,19,2,699388
1332,유메오뎅,(주)최초컴퍼니,한식,,,24,,,,,이전 자료 없음,21,0,627572
1333,곤트란쉐리에(Gontran Cherrier),(주)르미디,제과제빵,14,19,24,5,26.3,10,71.4,3년 연속 증가,9,4,588614
1334,삼청동샤브,(주)삼청동,한식,9,23,24,1,4.3,15,166.7,3년 연속 증가,6,5,587102
1335,돌깨마을 맷돌순두부,(주)자연가득,한식,25,,24,,,-1,-4,감소(2년 비교),2,2,434500
1336,크래프트한스(Craft Han&#39;s),(주)이음비앤에프,주점,31,30,24,-6,-20,-7,-22.6,3년 연속 감소,0,6,416978
1337,잭아저씨족발&보쌈,(주)두레에프앤비,기타 외식,35,28,24,-4,-14.3,-11,-31.4,3년 연속 감소,1,5,410018
1338,레코드피자,(주)알피케이컴퍼니,피자,,19,24,5,26.3,,,증가,5,0,403836
1339,경아식당,(주)조은음식드림,한식,11,35,24,-11,-31.4,13,118.2,감소,2,13,378271
1340,돈미품 프리미엄숙성삼겹,동행푸드,한식,,,24,,,,,이전 자료 없음,24,0,362023
1341,술속의밤,오리엔탈에프엔비(주),주점,,,24,,,,,이전 자료 없음,24,0,359467
1342,진리국밥,(주)진리에프엔비,한식,,,24,,,,,이전 자료 없음,21,5,314519
1343,류센소,(주)몬산토,일식,19,24,24,0,0,5,26.3,유지,3,3,273643
1344,막리단길,(주)한국창업경제연구소,한식,13,23,24,1,4.3,11,84.6,3년 연속 증가,11,10,264546
1345,청춘당 찹쌀 꽈배기,(주)청춘당에프앤비,제과제빵,30,29,24,-5,-17.2,-6,-20,3년 연속 감소,0,5,261353
1346,시올돈,(주)시올에프앤비,기타 외식,5,18,24,6,33.3,19,380,3년 연속 증가,7,1,242848
1347,마약낙곱새,엔에스푸드,한식,,,24,,,,,이전 자료 없음,0,4,229033
1348,하우돈곱창,하우돈곱창,기타 외식,29,22,24,2,9.1,-5,-17.2,증가,6,4,228536
1349,동양맥주,길F&D,주점,,15,24,9,60,,,증가,10,1,211895
1350,4242샌드위치,잘나가는아이들,서양식,,19,24,5,26.3,,,증가,8,3,197933
1351,떡의작품,(주)얏트코리아,분식,,,24,,,,,이전 자료 없음,12,11,185780
1352,착한막창,착한막창,한식,,23,24,1,4.3,,,증가,1,0,185351
1353,밥맛나는세상,(주)소디프비앤에프,한식,38,32,24,-8,-25,-14,-36.8,3년 연속 감소,0,8,175043
1354,차이(CHAI),(주)폴제이코퍼레이션,음료 (커피 외),22,20,24,4,20,2,9.1,증가,6,2,172122
1355,포 시애틀,(주)글로벌푸드홀딩스,기타 외국식,11,,24,,,13,118.2,증가(2년 비교),8,3,169810
1356,장터옛날통닭,(주)계주,치킨,24,19,24,5,26.3,0,0,증가,5,1,167891
1357,문토스트,(주)문패밀리,기타 외식,29,28,24,-4,-14.3,-5,-17.2,3년 연속 감소,3,7,161809
1358,샬로우커피,샬로우(SHALLOW),커피,11,17,24,7,41.2,13,118.2,3년 연속 증가,11,4,156781
1359,악마의비빔밥비빌,악마의비빔밥비빌,한식,,26,24,-2,-7.7,,,감소,10,12,150472
1360,스몰굿,(주)스몰굿컴퍼니,커피,18,25,24,-1,-4,6,33.3,감소,2,3,143798
1361,홀리앤졸리,(주)어웨이크,제과제빵,,29,24,-5,-17.2,,,감소,5,10,141948
1362,피자스웨그,(주)내추럴플로우,피자,33,,24,,,-9,-27.3,감소(2년 비교),3,12,136653
1363,고품격커피공장,고품격사람들(주),커피,35,32,24,-8,-25,-11,-31.4,3년 연속 감소,4,12,123204
1364,파스타 흔,파스타흔,서양식,,40,24,-16,-40,,,감소,5,21,110309
1365,뜰커피,오드리인터내셔널,커피,27,,24,,,-3,-11.1,감소(2년 비교),0,1,109745
1366,내가찜한닭,(주)마이푸드,한식,27,25,24,-1,-4,-3,-11.1,3년 연속 감소,0,1,81880
1367,해초과메기,(주)해랑,기타 외식,30,29,24,-5,-17.2,-6,-20,3년 연속 감소,0,5,35808
1368,국밥부심,(주)앤씨에프앤비,한식,,,24,,,,,이전 자료 없음,37,13,21410
1369,자연드림힐링밥상,(주)쿱스토어,한식,,,24,,,,,이전 자료 없음,25,1,4358
1370,밥에큐 치킨,(주)모아드림에프앤비,치킨,,17,24,7,41.2,,,증가,10,3,3341
1371,완산골명가,(주)더드림에프에스,한식,31,29,24,-5,-17.2,-7,-22.6,3년 연속 감소,0,5,
1372,개정,(주)동원기업,한식,18,23,23,0,0,5,27.8,유지,0,0,737631
1373,덕수파스타 패스트캐쥬얼,(주)씨피알프로젝트,서양식,,8,23,15,187.5,,,증가,15,0,729905
1374,온기정,(주)팬아시아다인힐,일식,21,21,23,2,9.5,2,9.5,증가,4,2,715744
1375,동두천솥뚜껑삼겹살,(주)제이에이치브로스,한식,,24,23,-1,-4.2,,,감소,5,6,681004
1376,내맘대로 샤브를 퐁당,(주)유림에퐁당,한식,,17,23,6,35.3,,,증가,6,0,627735
1377,청담동샤브,(주)옳음,한식,9,17,23,6,35.3,14,155.6,3년 연속 증가,6,0,480588
1378,안주일체,(주)팀포시즌,한식,10,14,23,9,64.3,13,130,3년 연속 증가,9,0,468455
1379,코코이찌방야,(주)농심,서양식,,20,23,3,15,,,증가,6,3,452045
1380,김치찜에 진심,김치찜에진심,한식,5,23,23,0,0,18,360,유지,2,2,432590
1381,뚱삼이와 대삼이,(주)엠지에이치,한식,22,26,23,-3,-11.5,1,4.5,감소,0,3,405158
1382,족장,(주)아이에프그룹,한식,,26,23,-3,-11.5,,,감소,0,3,352600
1383,커피 로드뷰,유한회사올드브릭컴퍼니,커피,5,11,23,12,109.1,18,360,3년 연속 증가,12,0,342319
1384,남도복국,(주)남도가,한식,29,27,23,-4,-14.8,-6,-20.7,3년 연속 감소,2,6,340832
1385,삼청당,(주)헤이디쉬코리아,분식,,15,23,8,53.3,,,증가,10,2,308347
1386,정칠구백순대&순대국,79패밀리,한식,,20,23,3,15,,,증가,10,7,288794
1387,감성족발,키친씨,한식,18,29,23,-6,-20.7,5,27.8,감소,6,12,247450
1388,여부초밥,(주)여부에프앤비,일식,20,27,23,-4,-14.8,3,15,감소,3,7,247286
1389,엉터리 해장국,(주)엉터리,한식,42,42,23,-19,-45.2,-19,-45.2,감소,0,19,244822
1390,삼겹파티,(주)엠지에이치,한식,31,30,23,-7,-23.3,-8,-25.8,3년 연속 감소,0,7,244142
1391,땡초우동,(주)다온에프앤에스,주점,34,31,23,-8,-25.8,-11,-32.4,3년 연속 감소,5,13,239675
1392,잇샌드(itsand),(주)안다에프엔비,패스트푸드,14,19,23,4,21.1,9,64.3,3년 연속 증가,5,1,236275
1393,삼선미나주곰탕,(주)동의보감농수산,한식,23,24,23,-1,-4.2,0,0,감소,0,1,224063
1394,토고리 옛날막창,(주)지에프코리아,한식,,26,23,-3,-11.5,,,감소,2,5,209826
1395,타타스베이글,(주)티에이,제과제빵,20,36,23,-13,-36.1,3,15,감소,6,19,205846
1396,혜화어묵당,(주)야푸드,주점,,27,23,-4,-14.8,,,감소,15,19,196606
1397,1989역전꼬마김밥,(주)디케이조은(DKjoeun),분식,21,21,23,2,9.5,2,9.5,증가,7,5,193449
1398,사쿠사쿠,(주)계미락,치킨,30,27,23,-4,-14.8,-7,-23.3,3년 연속 감소,0,4,186304
1399,마미묵은지찜,㈜맘사랑,한식,8,23,23,0,0,15,187.5,유지,6,6,182435
1400,국밥대장,(주)다담은푸드,한식,,33,23,-10,-30.3,,,감소,4,14,174128
1401,파스타집이야,(주)팀프에프앤비,서양식,23,42,23,-19,-45.2,0,0,감소,2,19,172269
1402,점프(JUMP),(주)범브로스,커피,23,31,23,-8,-25.8,0,0,감소,5,13,154587
1403,배씨상회,배씨상회,한식,5,22,23,1,4.5,18,360,3년 연속 증가,6,5,134820
1404,숲속호두과자,(주)달숲,제과제빵,3,,23,,,20,666.7,증가(2년 비교),13,1,126034
1405,바푸리,(주)프랭크에프앤비,분식,40,27,23,-4,-14.8,-17,-42.5,3년 연속 감소,0,4,116556
1406,조선의 옛날통닭,제이에프앤씨,치킨,31,21,23,2,9.5,-8,-25.8,증가,7,5,101239
1407,내담해물찜탕,(주)씨에스에프씨,한식,,26,23,-3,-11.5,,,감소,2,5,87055
1408,못말리는파닭,그레이스티앤에프(주),치킨,37,32,23,-9,-28.1,-14,-37.8,3년 연속 감소,0,9,75318
1409,두리아,(주)두리아,치킨,25,24,23,-1,-4.2,-2,-8,3년 연속 감소,0,1,67417
1410,아이러브피자,㈜더난푸드,피자,28,26,23,-3,-11.5,-5,-17.9,3년 연속 감소,0,3,58595
1411,웰덤치킨,(주)푸디노에프앤디,치킨,42,36,23,-13,-36.1,-19,-45.2,3년 연속 감소,0,13,45191
1412,할죽슈퍼,이지에프코리아(EGFCOREA),한식,,31,23,-8,-25.8,,,감소,7,15,18629
1413,놀부김치찜,(주)놀부,한식,63,44,23,-21,-47.7,-40,-63.5,3년 연속 감소,0,21,11340
1414,바베큐통족구이,(주)케이제이푸드시스템,한식,22,23,23,0,0,1,4.5,유지,3,3,
1415,1키로 오리스타,밥다오푸드(주),한식,,4,23,19,475,,,증가,23,4,
1416,샬어름냉면,(주)위고컴퍼니,한식,15,23,23,0,0,8,53.3,유지,7,7,
1417,히포슈가 (HIPPO SUGAR),(주)아이언가이즈,기타 외식,38,23,23,0,0,-15,-39.5,유지,0,0,
1418,탕수육주는육군짬뽕,(주)위고컴퍼니,중식,32,35,23,-12,-34.3,-9,-28.1,감소,1,13,
1419,미남커피(MINAM COFFEE),(주)더미남,커피,23,25,23,-2,-8,0,0,감소,0,2,
1420,전원숯불,전원숯불갈비,기타 외식,22,22,22,0,0,0,0,유지,1,2,1351889
1421,회식의달인,(주)달인컴퍼니,한식,6,9,22,13,144.4,16,266.7,3년 연속 증가,14,1,1067560
1422,옥소반,(주)옥소반,기타 외국식,8,17,22,5,29.4,14,175,3년 연속 증가,6,1,722340
1423,은행골,(주)은행골,일식,22,22,22,0,0,0,0,유지,0,0,672849
1424,무쇠김치삼겹,(주)신가네,한식,36,25,22,-3,-12,-14,-38.9,3년 연속 감소,4,7,628853
1425,전준수명품청기와감자탕,다니엘푸드,한식,22,22,22,0,0,0,0,유지,1,1,590382
1426,천라쿵푸마라탕,천라쿵푸가맹본부,중식,10,17,22,5,29.4,12,120,3년 연속 증가,7,2,587622
1427,이자카야 토라,피에스피에프앤디㈜,주점,1,15,22,7,46.7,21,2100,3년 연속 증가,9,2,580989
1428,신비면옥,㈜신비로움,한식,2,8,22,14,175,20,1000,3년 연속 증가,22,8,540580
1429,상구네돼지구이,(주)상구네,한식,5,21,22,1,4.8,17,340,3년 연속 증가,5,4,531104
1430,상상짬뽕,(주)상상에프앤비,중식,28,25,22,-3,-12,-6,-21.4,3년 연속 감소,1,4,523141
1431,뼈큰감자탕,(주)뚝심푸드,한식,29,23,22,-1,-4.3,-7,-24.1,3년 연속 감소,3,4,507149
1432,핫브레드,(주)에이치비푸드,제과제빵,18,19,22,3,15.8,4,22.2,3년 연속 증가,6,3,446930
1433,오복미역,(주)오복푸드,한식,36,31,22,-9,-29,-14,-38.9,3년 연속 감소,0,9,424741
1434,원카츠,(주)더블유씨피,일식,22,21,22,1,4.8,0,0,증가,2,1,397564
1435,임대장,(주)동래관사람들,한식,12,12,22,10,83.3,10,83.3,증가,10,0,391724
1436,히츠지야,(주)히츠지야코리아,일식,33,35,22,-13,-37.1,-11,-33.3,감소,0,13,386518
1437,그램그램,(주)빅투,기타 외식,28,18,22,4,22.2,-6,-21.4,증가,1,6,350019
1438,한뚝수육국밥,(주)에이치엘코포레이션,한식,27,24,22,-2,-8.3,-5,-18.5,3년 연속 감소,1,3,346586
1439,불끈낙지보쌈,예스람,한식,,,22,,,,,이전 자료 없음,8,2,343102
1440,찌개엔,(주)딜리버링,한식,,,22,,,,,이전 자료 없음,22,0,333000
1441,문래동냉삼,(주)에이치케이오푸드,한식,3,3,22,19,633.3,19,633.3,증가,20,1,325035
1442,산카이 이자카야,(주)에스앤디코퍼레이션,일식,28,27,22,-5,-18.5,-6,-21.4,3년 연속 감소,2,7,312869
1443,벤티버거,벤티버거cp,서양식,,2,22,20,1000,,,증가,20,0,312794
1444,저스트텐동,(주)저스트쿠킹,일식,43,28,22,-6,-21.4,-21,-48.8,3년 연속 감소,1,7,299355
1445,샤오바오우육면,(주)미래글로벌코리아,중식,31,37,22,-15,-40.5,-9,-29,감소,4,19,292277
1446,앗싸곱창,앗싸(주),한식,26,22,22,0,0,-4,-15.4,유지,0,0,277139
1447,미생맥주,(유)미생에프앤씨,주점,,1,22,21,2100,,,증가,22,1,272308
1448,라밥,(주)에스피에프앤비,분식,,20,22,2,10,,,증가,2,0,270768
1449,바보형제쭈꾸미,(주)바보형제스토리,한식,28,24,22,-2,-8.3,-6,-21.4,3년 연속 감소,0,2,260416
1450,투가이즈(TWO GUYS),(주)티지컴퍼니,치킨,34,34,22,-12,-35.3,-12,-35.3,감소,0,9,239982
1451,수북국밥,㈜정담에프앤에스,한식,35,29,22,-7,-24.1,-13,-37.1,3년 연속 감소,9,16,235436
1452,소노야,(주)공영식품,일식,22,20,22,2,10,0,0,증가,4,2,231363
1453,몰틀리,(주)리원에프앤씨,기타 외식,20,21,22,1,4.8,2,10,3년 연속 증가,1,0,224878
1454,와플샵,㈜케이피엘코리아,제과제빵,6,17,22,5,29.4,16,266.7,3년 연속 증가,8,3,222182
1455,카페CCD,(주)아이에스,커피,22,22,22,0,0,0,0,유지,3,3,219561
1456,큐슈울트라아멘,오버플레이스(주),일식,,4,22,18,450,,,증가,19,1,218478
1457,승도리네 곱도리탕,(주)케이푸드스토리,한식,22,27,22,-5,-18.5,0,0,감소,3,8,208964
1458,오와케이크,(주)오와케이크,제과제빵,7,7,22,15,214.3,15,214.3,증가,15,0,192864
1459,카페동네,(주)엘케이디앤,커피,27,28,22,-6,-21.4,-5,-18.5,감소,0,6,178409
1460,치킨678,(주)육칠팔,기타 외식,34,27,22,-5,-18.5,-12,-35.3,3년 연속 감소,0,5,170968
1461,영자's곱창,㈜영자프랜차이즈,한식,,,22,,,,,이전 자료 없음,22,0,162500
1462,채다올김밥,다올에프엔씨,분식,23,22,22,0,0,-1,-4.3,유지,4,4,155281
1463,붐비어,붐비어,주점,27,27,22,-5,-18.5,-5,-18.5,감소,1,6,141547
1464,계혁명,(주)지니푸드,치킨,,10,22,12,120,,,증가,17,5,134910
1465,맥주를구한피자,맥주를구한피자전포직영점,피자,26,24,22,-2,-8.3,-4,-15.4,3년 연속 감소,1,3,133431
1466,신나게쌈빠찹쌀강정,(주)이임,기타 외식,34,28,22,-6,-21.4,-12,-35.3,3년 연속 감소,2,8,131330
1467,정석닭강정,(주)정석닭강정,치킨,6,16,22,6,37.5,16,266.7,3년 연속 증가,9,3,129937
1468,황홀한막창,디오디시스템,기타 외식,16,26,22,-4,-15.4,6,37.5,감소,4,8,129638
1469,헬로팬,㈜헬로에프앤비,기타 외식,,19,22,3,15.8,,,증가,15,12,109419
1470,아이스맨즈(ICE MAN'S),아이스맨즈아이스크림할인점낙민본점,아이스크림/빙수,,19,22,3,15.8,,,증가,4,1,77615
1471,옛날장터치킨,(주)씨드트리,치킨,33,28,22,-6,-21.4,-11,-33.3,3년 연속 감소,0,6,77341
1472,무무커피,무무커피,커피,,,22,,,,,이전 자료 없음,22,0,51936
1473,5일장햄버거,(주)샵인샵딜리버리,기타 외식,,,22,,,,,이전 자료 없음,22,0,28399
1474,강남아씨죽,(주)인세이버,한식,,20,22,2,10,,,증가,4,2,4218
1475,동복리 제주갈치조림,(주)더블에스제이컴퍼니,한식,46,22,22,0,0,-24,-52.2,유지,0,0,
1476,꼬기만땅 점보비빔밥,원딜리버리,한식,45,29,22,-7,-24.1,-23,-51.1,3년 연속 감소,0,7,
1477,진원 소우,(주)진원푸드,한식,12,16,21,5,31.3,9,75,3년 연속 증가,5,0,1346011
1478,천상현 국가공인진갈비,(주)마루벌,한식,,,21,,,,,이전 자료 없음,7,3,1229381
1479,양심소,(주)양심코퍼레이션,한식,,3,21,18,600,,,증가,18,0,756274
1480,현방오백소갈비살,(주)현방푸드,한식,13,18,21,3,16.7,8,61.5,3년 연속 증가,4,1,730347
1481,프레퍼스다이어트푸드,(주)서플라이스,기타 외식,10,15,21,6,40,11,110,3년 연속 증가,6,1,680904
1482,요미우돈교자,(주)빌리어네어스토어즈,일식,1,11,21,10,90.9,20,2000,3년 연속 증가,12,2,680836
1483,인생감자탕,(주)인생다움,한식,,16,21,5,31.3,,,증가,10,5,633177
1484,오공김밥,(주)푸드스팟,분식,,4,21,17,425,,,증가,17,0,625178
1485,동남집,㈜도담푸드,한식,,10,21,11,110,,,증가,11,0,533654
1486,후켄통통치킨,(주)후켄,치킨,,,21,,,,,이전 자료 없음,22,1,466950
1487,사위식당,(주)오아시스에프앤비,한식,16,21,21,0,0,5,31.3,유지,3,3,465586
1488,홍:이집,(주)홍이나라,한식,20,21,21,0,0,1,5,유지,3,3,455364
1489,선식당,(주)선식당,서양식,28,27,21,-6,-22.2,-7,-25,3년 연속 감소,2,8,453505
1490,진송추어탕,(주)우림에프씨,한식,13,15,21,6,40,8,61.5,3년 연속 증가,9,3,439954
1491,궁채,(주)이밥스코리아,한식,20,,21,,,1,5,증가(2년 비교),1,0,388818
1492,꼴목,좋은나무,주점,,23,21,-2,-8.7,,,감소,6,8,384699
1493,더 포(THE PHO),(주)루아,기타 외국식,22,19,21,2,10.5,-1,-4.5,증가,2,0,374263
1494,밀숲,(주)한소반,기타 외식,17,17,21,4,23.5,4,23.5,증가,4,0,358831
1495,강릉엄지네꼬막집,더블에스푸드(주),한식,14,17,21,4,23.5,7,50,3년 연속 증가,6,2,354800
1496,아메리칸피자,(주)아메리칸에프엔씨(AmericanF&C),피자,13,18,21,3,16.7,8,61.5,3년 연속 증가,4,1,337033
1497,박달 박가네 숯불 껍데기,(주)미르에프엔씨,한식,,,21,,,,,이전 자료 없음,7,2,334092
1498,강릉장칼,153패밀리(주),한식,16,,21,,,5,31.3,증가(2년 비교),5,4,327413
1499,매머드커피(Mammoth coffee),(주)매머드커피랩,커피,40,30,21,-9,-30,-19,-47.5,3년 연속 감소,0,9,325992
1500,어묵나라,(주)사모,기타 외식,23,23,21,-2,-8.7,-2,-8.7,감소,0,2,325563
1501,류길상피자,위드류(주),서양식,28,26,21,-5,-19.2,-7,-25,3년 연속 감소,0,5,300669
1502,밀회관,(주)트렌차이즈,주점,48,40,21,-19,-47.5,-27,-56.2,3년 연속 감소,0,19,300089
1503,디디디알캔&보틀커피,(주)무유,커피,9,21,21,0,0,12,133.3,유지,5,5,298153
1504,행복가마솥밥&알솥밥,(주)채선당,한식,26,,21,,,-5,-19.2,감소(2년 비교),0,4,276480
1505,아이캔커피,두어컴퍼니,커피,26,24,21,-3,-12.5,-5,-19.2,3년 연속 감소,2,5,259594
1506,짚불맥주,(주)프로그로스,주점,1,14,21,7,50,20,2000,3년 연속 증가,11,3,245456
1507,타코박스,(주)몽한량에프앤비,기타 외국식,15,21,21,0,0,6,40,유지,2,1,243638
1508,춘하추동,양지식품,분식,7,18,21,3,16.7,14,200,3년 연속 증가,3,0,228297
1509,푸른바다찜탕,(주)청해신,한식,,19,21,2,10.5,,,증가,5,3,224589
1510,매드피자,(주)해브어굿타임,피자,,2,21,19,950,,,증가,20,0,216111
1511,막이오름,(주)더본코리아,주점,32,29,21,-8,-27.6,-11,-34.4,3년 연속 감소,3,11,207502
1512,라운지목화,에이치제이피플(주),중식,,18,21,3,16.7,,,증가,11,8,205465
1513,청와삼대,(주)봄봄,한식,,26,21,-5,-19.2,,,감소,0,5,198787
1514,신머이,㈜제이피에프씨파트너스,기타 외국식,18,21,21,0,0,3,16.7,유지,0,0,189049
1515,부송국수,부송푸드,분식,17,18,21,3,16.7,4,23.5,3년 연속 증가,4,1,167825
1516,피자 비토랩,(주)비토랩,피자,16,25,21,-4,-16,5,31.3,감소,0,4,165354
1517,순곱이네,(주)순곱이네프랜차이즈,기타 외식,29,22,21,-1,-4.5,-8,-27.6,3년 연속 감소,0,1,160057
1518,전기구이 이한량통닭,한량통닭보라본점,치킨,12,16,21,5,31.3,9,75,3년 연속 증가,5,2,152391
1519,그린브라우니(green brownie),(주)그린브라우니,제과제빵,24,23,21,-2,-8.7,-3,-12.5,3년 연속 감소,2,4,151254
1520,주니아,(주)하나패밀리,커피,17,20,21,1,5,4,23.5,3년 연속 증가,5,4,145736
1521,이나닭강정,이나푸드,치킨,8,16,21,5,31.3,13,162.5,3년 연속 증가,8,3,144907
1522,신만용신가네매운떡볶이,신만용신가네매운떡볶이,분식,23,23,21,-2,-8.7,-2,-8.7,감소,1,3,141511
1523,조선CH.S치킨,(주)씨에스,치킨,22,23,21,-2,-8.7,-1,-4.5,감소,1,3,140568
1524,신떡,(주)신화에프앤비,분식,26,22,21,-1,-4.5,-5,-19.2,3년 연속 감소,0,1,134167
1525,치킨주막,(주)신미푸드,치킨,,21,21,0,0,,,유지,3,3,133045
1526,어랏커피스탠드,어랏커피,커피,,,21,,,,,이전 자료 없음,21,0,129884
1527,에그셀런트,(주)다이닝팩토리,패스트푸드,50,34,21,-13,-38.2,-29,-58,3년 연속 감소,0,13,127592
1528,포카드 홀덤펍,포카드,기타 외식,12,,21,,,9,75,증가(2년 비교),6,5,126558
1529,족발슈퍼,제이케이컴퍼니,기타 외식,,,21,,,,,이전 자료 없음,6,11,112984
1530,크로앙쥬,(주)원터블,제과제빵,53,38,21,-17,-44.7,-32,-60.4,3년 연속 감소,0,17,110796
1531,돈까스회관,(주)바르다프랜차이즈,기타 외식,50,42,21,-21,-50,-29,-58,3년 연속 감소,0,21,107494
1532,플루800,에프씨푸드,커피,26,23,21,-2,-8.7,-5,-19.2,3년 연속 감소,0,2,106923
1533,아몽즈커피(A Mong Z),(주)꿈을실현하는사람들,커피,4,11,21,10,90.9,17,425,3년 연속 증가,12,2,83483
1534,에그박스,(주)제이스타임,기타 외식,48,26,21,-5,-19.2,-27,-56.2,3년 연속 감소,2,7,67458
1535,유현삼계탕,디와이에프앤비,한식,,,21,,,,,이전 자료 없음,21,0,55799
1536,용철이떡갈비,에이치피푸드,한식,,37,21,-16,-43.2,,,감소,4,20,51113
1537,디디커피,(주)맛있는향기,커피,,25,21,-4,-16,,,감소,0,4,27408
1538,돼지영농후계자,돼지영농후계자,한식,39,34,21,-13,-38.2,-18,-46.2,3년 연속 감소,0,13,
1539,여수에서 온 나진국밥,(주)나진에프엔비,한식,,11,21,10,90.9,,,증가,11,1,
1540,진돗가비불쭈꾸미,(주)돗가비에프엔비,한식,,,21,,,,,이전 자료 없음,12,0,
1541,소미미,(주)쁘띠에프엔비,제과제빵,15,18,21,3,16.7,6,40,3년 연속 증가,4,1,
1542,진심왕돈까스,히노아스카(주),분식,1,6,20,14,233.3,19,1900,3년 연속 증가,14,0,607255
1543,카페달링,카페달링,커피,11,12,20,8,66.7,9,81.8,3년 연속 증가,8,0,588800
1544,신의한국수,신의한국수,분식,,14,20,6,42.9,,,증가,6,0,548297
1545,태양부양꼬치,(주)태양부,기타 외식,23,21,20,-1,-4.8,-3,-13,3년 연속 감소,1,2,525888
1546,원당감자탕,(주)나운에프에스,기타 외식,25,23,20,-3,-13,-5,-20,3년 연속 감소,0,3,498000
1547,맹호수제돈까스,(주)타이거엑스,한식,,11,20,9,81.8,,,증가,9,0,479945
1548,한사리감자탕&뼈구이,(주)리코플레이트,한식,6,13,20,7,53.8,14,233.3,3년 연속 증가,10,3,477704
1549,태성춘골뱅이신사,(주)리더스코리아코퍼레이션,한식,14,15,20,5,33.3,6,42.9,3년 연속 증가,5,0,423486
1550,오늘도 한우,㈜오늘도한우,한식,11,23,20,-3,-13,9,81.8,감소,4,7,420010
1551,더만족,더만족,한식,22,21,20,-1,-4.8,-2,-9.1,3년 연속 감소,0,1,407764
1552,뽕잎사랑샤브칼국수보쌈냉면,(주)성신에프씨,기타 외식,27,24,20,-4,-16.7,-7,-25.9,3년 연속 감소,0,4,356051
1553,사계진미 숯불닭갈비,"㈜준코퍼(JUNCORP.CO.,LTD.)",한식,28,28,20,-8,-28.6,-8,-28.6,감소,1,9,330756
1554,마블스퀘어,원엔온리,제과제빵,,,20,,,,,이전 자료 없음,20,0,313324
1555,더베이크,세영이지(주),제과제빵,24,20,20,0,0,-4,-16.7,유지,7,7,312480
1556,통불,(주)덕분,기타 외식,38,30,20,-10,-33.3,-18,-47.4,3년 연속 감소,0,10,306171
1557,넙딱집,(주)감칠맛,한식,17,19,20,1,5.3,3,17.6,3년 연속 증가,3,2,298342
1558,대구우야지막창,(주)대구우야지막창,기타 외식,26,22,20,-2,-9.1,-6,-23.1,3년 연속 감소,1,3,295994
1559,코이라멘,(주)코이,기타 외식,29,27,20,-7,-25.9,-9,-31,3년 연속 감소,2,9,293473
1560,대박통,대박통,한식,23,20,20,0,0,-3,-13,유지,2,2,290400
1561,아차산매운떡볶이,(주)삼우에프앤케이,분식,18,18,20,2,11.1,2,11.1,증가,8,6,289649
1562,곱창이야기,(주)기성피제이에스,한식,54,35,20,-15,-42.9,-34,-63,3년 연속 감소,3,18,288652
1563,국사랑,케이씨컴퍼니,한식,42,29,20,-9,-31,-22,-52.4,3년 연속 감소,1,10,287497
1564,오늘김해생뒷고기,오늘김해뒷고기,기타 외식,21,23,20,-3,-13,-1,-4.8,감소,1,4,286647
1565,냉삼회관,형섭에프앤비,한식,9,20,20,0,0,11,122.2,유지,3,3,286027
1566,가츠몽,(주)가츠몽,일식,,24,20,-4,-16.7,,,감소,0,4,277788
1567,겐로쿠우동,겐로쿠우동,일식,,20,20,0,0,,,유지,3,3,276543
1568,가득피자,가득피자서면점,피자,13,19,20,1,5.3,7,53.8,3년 연속 증가,6,5,273500
1569,쉐프의부대찌개,(주)케이더블유프랜차이즈,기타 외식,31,,20,,,-11,-35.5,감소(2년 비교),0,3,265623
1570,육회말투아웃,(주)수에프씨,기타 외식,21,,20,,,-1,-4.8,감소(2년 비교),2,1,245889
1571,서리서리멸치국수,서리서리,분식,15,22,20,-2,-9.1,5,33.3,감소,2,4,232872
1572,포차처럼,포차처럼,주점,,13,20,7,53.8,,,증가,13,6,220999
1573,왕빈자전통주막,(주)유후컴퍼니,주점,31,22,20,-2,-9.1,-11,-35.5,3년 연속 감소,4,6,196961
1574,온고지신 통닭원,민푸드,치킨,,,20,,,,,이전 자료 없음,1,2,196067
1575,용공장,용공장본점,한식,23,29,20,-9,-31,-3,-13,감소,2,11,195177
1576,왓커피,왓컴퍼니,커피,13,17,20,3,17.6,7,53.8,3년 연속 증가,5,2,192133
1577,존슨부대찌개,(주)존슨푸드코리아,한식,43,,20,,,-23,-53.5,감소(2년 비교),0,24,184094
1578,피에스타7커피,우아한패밀리(주),커피,9,17,20,3,17.6,11,122.2,3년 연속 증가,5,2,176498
1579,혼밥에빠진날,(주)타이탄그룹,한식,2,21,20,-1,-4.8,18,900,감소,10,13,165092
1580,사나포차,(주)한국창업경제연구소,주점,22,21,20,-1,-4.8,-2,-9.1,3년 연속 감소,1,2,163334
1581,연어로만,(주)거룩한일오삼,기타 외식,,,20,,,,,이전 자료 없음,0,0,147542
1582,그라츠커피랩(GRAZ COFFEE LAB),(주)그라츠커피랩,커피,14,20,20,0,0,6,42.9,유지,4,4,147259
1583,피치랑,피치랑,피자,38,31,20,-11,-35.5,-18,-47.4,3년 연속 감소,0,11,145950
1584,청연,청연,일식,18,15,20,5,33.3,2,11.1,증가,6,1,143950
1585,원래는 치킨집을 할려고 했었다,제이에스(js)푸드,분식,36,33,20,-13,-39.4,-16,-44.4,3년 연속 감소,1,14,133669
1586,달구지막창,(주)달구지푸드,기타 외식,28,22,20,-2,-9.1,-8,-28.6,3년 연속 감소,2,4,126989
1587,오슬랑,(주)고구려에프앤비,커피,,,20,,,,,이전 자료 없음,3,2,120231
1588,보리원,(주)보리원,제과제빵,,24,20,-4,-16.7,,,감소,5,9,117774
1589,보스턴 샐러드 하우스,(주)썬플라워네트웍스,기타 외국식,8,25,20,-5,-20,12,150,감소,11,16,109954
1590,커피왕,씨에스푸드,커피,28,23,20,-3,-13,-8,-28.6,3년 연속 감소,1,4,84818
1591,전지적밥상시점,(주)돌우물,한식,,16,20,4,25,,,증가,15,11,62443
1592,김호두(kimhodu),(주)김호두에프알,제과제빵,,14,20,6,42.9,,,증가,9,3,57028
1593,오늘은카레,(주)샵인샵딜리버리,기타 외국식,61,33,20,-13,-39.4,-41,-67.2,3년 연속 감소,0,13,46856
1594,무인다방,㈜엠디엑스,커피,17,19,20,1,5.3,3,17.6,3년 연속 증가,1,0,32142
1595,파스타를 부탁해,(주)비티에스에프앤비,서양식,33,40,20,-20,-50,-13,-39.4,감소,6,26,9683
1596,조방낙지,(주)디에이치푸드,한식,19,20,20,0,0,1,5.3,유지,1,1,
1597,666 BURGER,(주)둥글,패스트푸드,55,38,20,-18,-47.4,-35,-63.6,3년 연속 감소,1,19,
1598,제주까망돼지,제이엠미트,한식,10,20,20,0,0,10,100,유지,0,0,
1599,피자웨이브,(주)메종이츠,피자,35,31,20,-11,-35.5,-15,-42.9,3년 연속 감소,1,12,
1600,파스타9900원,(주)큐알컴퍼니,서양식,,,20,,,,,이전 자료 없음,20,0,
1601,외계인피자,(주)에일리언푸드,피자,,4,19,15,375,,,증가,16,1,1035644
1602,고기명작,명작에프앤비(주),한식,11,14,19,5,35.7,8,72.7,3년 연속 증가,5,0,896296
1603,수누리,(주)에스엔알푸드,기타 외식,17,16,19,3,18.8,2,11.8,증가,4,1,889449
1604,한사발포차,(주)한사발에프앤비,한식,,6,19,13,216.7,,,증가,14,1,836268
1605,만복한쭈꾸미낙지볶음,만복한만복이쭈꾸미낙지볶음체인본부,한식,17,18,19,1,5.6,2,11.8,3년 연속 증가,1,0,730550
1606,치히로,유한회사대박에프앤비,일식,,9,19,10,111.1,,,증가,10,0,699517
1607,청기와뼈다귀해장국,청기와뼈다귀해장국,한식,18,17,19,2,11.8,1,5.6,증가,2,0,675674
1608,고향 엄마손 생바지락 칼국수,(주)엄마손에프엔비,한식,,15,19,4,26.7,,,증가,7,3,539741
1609,반궁,(주)이랜드이츠,한식,14,14,19,5,35.7,5,35.7,증가,7,2,539473
1610,숯토리,(유)가로수브랜딩,일식,,2,19,17,850,,,증가,17,0,526804
1611,우후죽순,(주)미라클에프앤비,주점,,,19,,,,,이전 자료 없음,0,0,524790
1612,송도만두,송도F&B,한식,,3,19,16,533.3,,,증가,17,1,506234
1613,생생호프,(주)위너스에프앤디,주점,,5,19,14,280,,,증가,14,0,464106
1614,도쿠도쿠,동오F&C,한식,18,22,19,-3,-13.6,1,5.6,감소,0,3,433642
1615,교동짬뽕,(주)명가푸드시스템,중식,21,18,19,1,5.6,-2,-9.5,증가,6,5,410742
1616,곱이곱다,곱이곱다본점,한식,12,17,19,2,11.8,7,58.3,3년 연속 증가,3,1,363647
1617,육풍,(주)보담,한식,19,19,19,0,0,0,0,유지,0,0,341060
1618,압구정샌드위치,(주)푸드웍스(FoodWorks),제과제빵,,13,19,6,46.2,,,증가,6,0,335996
1619,광부맥주,(주)바오밥아이엔씨,기타 외식,19,20,19,-1,-5,0,0,감소,5,6,328633
1620,오정은A김밥,(주)영리세가,분식,27,25,19,-6,-24,-8,-29.6,3년 연속 감소,0,6,322866
1621,이선생짜글이,한울프랜차이즈,한식,,19,19,0,0,,,유지,5,5,305658
1622,선희네집,선희네집,한식,10,22,19,-3,-13.6,9,90,감소,0,4,299696
1623,숙성회136,(주)본네이처,기타 외식,14,22,19,-3,-13.6,5,35.7,감소,3,6,289932
1624,쿠마키친(KUMA KICHEN),(주)에이치투엠,일식,14,17,19,2,11.8,5,35.7,3년 연속 증가,3,1,285070
1625,양도둑,㈜준성에프앤비,중식,13,21,19,-2,-9.5,6,46.2,감소,1,3,281449
1626,고쿠텐,(주)진에프앤비,일식,30,23,19,-4,-17.4,-11,-36.7,3년 연속 감소,3,7,274576
1627,돌통,(주)돌통돌아온옛날통닭,치킨,9,12,19,7,58.3,10,111.1,3년 연속 증가,7,0,270146
1628,샌두,샌두,기타 외식,,17,19,2,11.8,,,증가,3,1,269009
1629,토대력,(주)이원,기타 외식,22,20,19,-1,-5,-3,-13.6,3년 연속 감소,0,1,256884
1630,더종로빈대떡,"㈜더종로푸드(TheJongroFoodCo.,Ltd)",한식,,12,19,7,58.3,,,증가,8,1,252421
1631,참 좋은 김밥천국,재재푸드,분식,16,21,19,-2,-9.5,3,18.8,감소,0,2,248193
1632,안동본가국밥,(주)두웰푸드,한식,25,20,19,-1,-5,-6,-24,3년 연속 감소,1,2,236086
1633,어사또,어판왕어업회사법인(주),한식,18,23,19,-4,-17.4,1,5.6,감소,0,4,232431
1634,밀플랜비,(주)웨이브,패스트푸드,21,,19,,,-2,-9.5,감소(2년 비교),1,2,232147
1635,양철북,(주)지앤푸드,한식,,14,19,5,35.7,,,증가,6,1,224109
1636,굿킨,(주)조은에프씨,치킨,2,15,19,4,26.7,17,850,3년 연속 증가,5,1,205979
1637,부라보맥주,(주)함께그린,주점,45,,19,,,-26,-57.8,감소(2년 비교),0,19,204885
1638,동산만두,(주)동산만두,분식,13,16,19,3,18.8,6,46.2,3년 연속 증가,8,5,189217
1639,몽's 피자,몽피자,피자,,,19,,,,,이전 자료 없음,20,1,188711
1640,소디스,(주)소디스파치오네,커피,12,15,19,4,26.7,7,58.3,3년 연속 증가,7,3,173598
1641,낭만장작,(주)낭만에프앤비,치킨,9,12,19,7,58.3,10,111.1,3년 연속 증가,8,1,173546
1642,나뚜루,롯데웰푸드(주),아이스크림/빙수,34,25,19,-6,-24,-15,-44.1,3년 연속 감소,0,6,166628
1643,행진푸드,행진푸드,한식,33,25,19,-6,-24,-14,-42.4,3년 연속 감소,1,7,145057
1644,커피스토어,(주)워너더블유,커피,18,27,19,-8,-29.6,1,5.6,감소,0,8,138217
1645,돈카냉면&파스타,DKFOOD,기타 외식,25,,19,,,-6,-24,감소(2년 비교),3,12,135132
1646,왕순이주먹밥김밥,(주)왕순이,분식,23,22,19,-3,-13.6,-4,-17.4,3년 연속 감소,1,4,128445
1647,화채업자,여기Cafe,커피,,12,19,7,58.3,,,증가,7,0,118676
1648,오춘자비어,(주)케이에이치코리아,주점,25,23,19,-4,-17.4,-6,-24,3년 연속 감소,0,4,113362
1649,계경순대국,지강에프앤비(주),한식,38,24,19,-5,-20.8,-19,-50,3년 연속 감소,0,4,108138
1650,베트남골목식당,엠아이비코리아,기타 외국식,21,21,19,-2,-9.5,-2,-9.5,감소,0,2,82591
1651,바른국밥,우버금,한식,31,31,19,-12,-38.7,-12,-38.7,감소,0,12,63825
1652,기막힌밥상,(주)푸디노에프앤디,한식,1,23,19,-4,-17.4,18,1800,감소,4,8,55983
1653,투존치킨,(주)나도람에프씨,치킨,86,51,19,-32,-62.7,-67,-77.9,3년 연속 감소,0,29,45230
1654,국대떡볶이,(주)지구당,분식,28,23,19,-4,-17.4,-9,-32.1,3년 연속 감소,0,4,42836
1655,징기스칸치킨,(자)징기스칸,치킨,20,20,19,-1,-5,-1,-5,감소,0,1,34560
1656,수라섬 장칼국수,(주)비본코리아,한식,,37,19,-18,-48.6,,,감소,13,31,31228
1657,조타코,선진VFC,기타 외국식,27,30,19,-11,-36.7,-8,-29.6,감소,7,18,23224
1658,흥부찜닭,(주)놀부,한식,40,30,19,-11,-36.7,-21,-52.5,3년 연속 감소,0,11,13125
1659,신사우 물갈비,신사우코리아,한식,5,18,19,1,5.6,14,280,3년 연속 증가,2,1,
1660,폴라니포케,진구에프엔비,서양식,18,20,19,-1,-5,1,5.6,감소,3,4,
1661,국밥도령,코흐(주),한식,,,19,,,,,이전 자료 없음,19,0,
1662,꼬꼬STORY(꼬꼬스토리),꼬꼬스토리,기타 외식,20,18,19,1,5.6,-1,-5,증가,1,0,
1663,선굼터,(주)선굼터,기타 외식,24,23,19,-4,-17.4,-5,-20.8,3년 연속 감소,0,4,
1664,백년 교동짬뽕,(주)백년가에프앤씨,기타 외식,17,10,19,9,90,2,11.8,증가,12,3,
1665,다담뜰 한식뷔페,(주)다담뜰,한식,13,15,18,3,20,5,38.5,3년 연속 증가,3,0,1354661
1666,북극해고등어,(주)에이치오션에프앤씨,한식,11,10,18,8,80,7,63.6,증가,8,0,1063692
1667,육식사관학교,에스이,한식,,,18,,,,,이전 자료 없음,18,0,892630
1668,빽다방빵연구소,(주)더본코리아,제과제빵,11,15,18,3,20,7,63.6,3년 연속 증가,4,1,830924
1669,단토리,농부의마음,주점,,,18,,,,,이전 자료 없음,16,0,817380
1670,처음본 명품민물장어,(주)와이엔엠푸드,한식,,,18,,,,,이전 자료 없음,20,2,767357
1671,평안도식당,(주)잇츠굿,한식,,,18,,,,,이전 자료 없음,18,0,666965
1672,진짜무쇠삼겹,(주)임팩트잇지,한식,9,18,18,0,0,9,100,유지,2,2,656527
1673,영칼로리포케,(주)구오컴퍼니,기타 외식,,7,18,11,157.1,,,증가,11,0,632689
1674,구들 마라탕,(주)구들,중식,,23,18,-5,-21.7,,,감소,5,10,609648
1675,맷돌로만,농업회사법인(주)엠에스푸드,한식,13,,18,,,5,38.5,증가(2년 비교),3,2,605089
1676,압편 압구정편의점,(주)압구정편의점,일식,,15,18,3,20,,,증가,17,14,568333
1677,뚜띠쿠치나,지엘라온(주),기타 외식,17,,18,,,1,5.9,증가(2년 비교),1,1,549241
1678,아침점심저녁,(주)아침점심저녁,한식,,10,18,8,80,,,증가,10,2,514610
1679,오빠통닭,(주)오빠통닭,치킨,2,13,18,5,38.5,16,800,3년 연속 증가,5,0,511062
1680,"포레스트 오늘, 숲[soup]",(주)에이원더블유,기타 외국식,9,15,18,3,20,9,100,3년 연속 증가,4,1,510231
1681,회가대표초밥24,(주)청초에프엔비,일식,,12,18,6,50,,,증가,6,0,493882
1682,탐라순대국감자탕,하율푸드(주),한식,,14,18,4,28.6,,,증가,9,5,489603
1683,타이반쩜,(주)엔조이서울,기타 외국식,,18,18,0,0,,,유지,0,0,487325
1684,우림칼국수,우림푸드,분식,15,15,18,3,20,3,20,증가,3,0,459518
1685,본만두,본푸드,분식,17,15,18,3,20,1,5.9,증가,6,3,454615
1686,문토리(moontori),(주)회춘,주점,,,18,,,,,이전 자료 없음,18,0,442087
1687,강남쌀국수,(주)지인푸드,기타 외국식,,4,18,14,350,,,증가,13,1,428830
1688,하와이조개,(주)하우와이컴퍼니,기타 외식,,10,18,8,80,,,증가,8,0,417732
1689,정성한줄,(주)해밀코리아,분식,18,18,18,0,0,0,0,유지,0,0,408771
1690,드렁킨타이,(주)드렁킨푸드,기타 외국식,10,15,18,3,20,8,80,3년 연속 증가,3,0,390210
1691,모로미,(주)여유와즐거움,주점,27,24,18,-6,-25,-9,-33.3,3년 연속 감소,0,6,379546
1692,와촌식육식당,(주)와촌본가,한식,19,18,18,0,0,-1,-5.3,유지,0,0,373456
1693,이치류,(주)이치류,일식,10,17,18,1,5.9,8,80,3년 연속 증가,2,1,356592
1694,형제닭발&오돌뼈,형제푸드,한식,20,22,18,-4,-18.2,-2,-10,감소,1,5,343750
1695,곰작골나주곰탕,(주)혜윰에프엔비,한식,22,19,18,-1,-5.3,-4,-18.2,3년 연속 감소,6,7,341743
1696,뚱보집,(주)엘에이치케이컴퍼니,기타 외식,40,28,18,-10,-35.7,-22,-55,3년 연속 감소,1,8,334357
1697,국민매운찜갈비,㈜더배어든,한식,5,13,18,5,38.5,13,260,3년 연속 증가,7,2,324255
1698,박봉구가래떡볶이,㈜제이엠푸드,분식,33,23,18,-5,-21.7,-15,-45.5,3년 연속 감소,3,8,312214
1699,월수금,월수금,한식,,,18,,,,,이전 자료 없음,2,4,304992
1700,쇼쿠지(SHOKUJI),(주)이움,일식,12,18,18,0,0,6,50,유지,1,1,300547
1701,스시화,스시화,일식,,19,18,-1,-5.3,,,감소,2,3,294904
1702,애플김밥,(주)애플김밥,분식,21,,18,,,-3,-14.3,감소(2년 비교),0,1,284749
1703,라라브레드,(주)라라브레드,제과제빵,4,20,18,-2,-10,14,350,감소,4,6,277195
1704,블레스롤(Bless Roll),클로버(주),커피,24,,18,,,-6,-25,감소(2년 비교),0,3,273650
1705,유케집,(주)와드홀딩스,주점,,1,18,17,1700,,,증가,16,4,271251
1706,내가 조선의 치킨이고 맥주다,(주)조맥에프앤비,치킨,8,15,18,3,20,10,125,3년 연속 증가,4,1,269767
1707,카페미뇽,(주)굿베이크아이엔,제과제빵,35,25,18,-7,-28,-17,-48.6,3년 연속 감소,3,10,260979
1708,이공커피,이공컴퍼니,커피,4,11,18,7,63.6,14,350,3년 연속 증가,8,1,254956
1709,빌리엔젤,(주)그레닉스,커피,30,22,18,-4,-18.2,-12,-40,3년 연속 감소,0,4,249624
1710,콩불,(주)8푸드,한식,23,21,18,-3,-14.3,-5,-21.7,3년 연속 감소,0,3,238974
1711,또또꼬마김밥,또또꼬마김밥,분식,,,18,,,,,이전 자료 없음,11,0,217440
1712,호랑이쌀국수,호랑이쌀국수,기타 외국식,24,22,18,-4,-18.2,-6,-25,3년 연속 감소,0,4,212742
1713,봉대박스파게티,(주)에프씨봉대박,서양식,22,21,18,-3,-14.3,-4,-18.2,3년 연속 감소,0,3,204969
1714,오므파탈,(주)했자나(hattjana),한식,5,17,18,1,5.9,13,260,3년 연속 증가,6,5,203782
1715,Every Coffee(에브리커피),(주)에브리커피,커피,5,14,18,4,28.6,13,260,3년 연속 증가,6,2,188276
1716,로봇초밥마켓,(주)푸드어스,일식,23,24,18,-6,-25,-5,-21.7,감소,0,6,184321
1717,커피101스트릿(COFFEE 101 STREET),㈜커피101스트릿,커피,,15,18,3,20,,,증가,8,5,174609
1718,디델리,(주)디엔에프씨,분식,,20,18,-2,-10,,,감소,0,2,160995
1719,김성구 의성마늘치킨,오케이푸드,치킨,17,16,18,2,12.5,1,5.9,증가,5,3,159414
1720,Today Tong Tong,위드히트에프앤비,서양식,11,16,18,2,12.5,7,63.6,3년 연속 증가,6,4,149762
1721,도너츠윤,도너츠윤가맹사업본부,제과제빵,,26,18,-8,-30.8,,,감소,1,9,148747
1722,치킨과 바람피자,치킨과바람피자,치킨,32,25,18,-7,-28,-14,-43.7,3년 연속 감소,1,8,142006
1723,커피홀 베이커리,(주)커피홀,제과제빵,33,24,18,-6,-25,-15,-45.5,3년 연속 감소,2,8,120306
1724,트루바이,(주)백희,서양식,13,18,18,0,0,5,38.5,유지,2,2,113309
1725,아딸,(주)아딸,분식,20,18,18,0,0,-2,-10,유지,8,8,110887
1726,고래한입피자,(주)보다더,기타 외국식,,26,18,-8,-30.8,,,감소,5,13,90755
1727,임실치즈피자,(주)아진에프에스,피자,26,20,18,-2,-10,-8,-30.8,3년 연속 감소,0,2,88964
1728,삼십구치킨,39치킨본부,치킨,19,19,18,-1,-5.3,-1,-5.3,감소,0,1,81806
1729,조선다방,내조국국밥(주),커피,27,22,18,-4,-18.2,-9,-33.3,3년 연속 감소,0,4,80376
1730,제니로제떡볶이,닭터박,분식,32,,18,,,-14,-43.7,감소(2년 비교),13,22,51666
1731,개그맨 정용국의 용곱창,㈜일미리,한식,,13,18,5,38.5,,,증가,11,6,37704
1732,곱정당,㈜양파에프앤비,한식,29,17,18,1,5.9,-11,-37.9,증가,15,14,36586
1733,에그토스트,에그토스트,기타 외식,,26,18,-8,-30.8,,,감소,4,12,20321
1734,The맛있는파닭,(주)채움푸드,치킨,24,22,18,-4,-18.2,-6,-25,3년 연속 감소,0,4,7250
1735,BRD백록담,비알디백록담,치킨,17,17,18,1,5.9,1,5.9,증가,2,1,
1736,통큰대포삼겹,통큰대포에프엔비,한식,,16,18,2,12.5,,,증가,4,2,
1737,봄바스타커피,봄바스타커피가맹본부,커피,14,20,18,-2,-10,4,28.6,감소,1,3,
1738,구름카츠,구름F&B,일식,,,18,,,,,이전 자료 없음,18,0,
1739,장인닭갈비,(주)다이닝팩토리,한식,11,12,17,5,41.7,6,54.5,3년 연속 증가,7,2,1579494
1740,편백회관,(주)맛잡은손,한식,,,17,,,,,이전 자료 없음,14,0,1145875
1741,바스버거(BAS BURGER),(주)테이스터스,패스트푸드,,,17,,,,,이전 자료 없음,17,0,694633
1742,초이다이닝,(주)초이다이닝,일식,,19,17,-2,-10.5,,,감소,3,5,648336
1743,이자카야 춘,㈜춘에프앤비,일식,11,17,17,0,0,6,54.5,유지,0,0,623968
1744,시민족발보쌈,시민푸드,한식,8,9,17,8,88.9,9,112.5,3년 연속 증가,8,0,562902
1745,방태막국수,(주)북촌사람들,한식,16,16,17,1,6.3,1,6.3,증가,6,5,553151
1746,삼교리동치미막국수,(주)삼교리,한식,15,16,17,1,6.3,2,13.3,3년 연속 증가,2,1,535143
1747,벤탄빌라,(주)마이포에프앤비,기타 외국식,,,17,,,,,이전 자료 없음,2,0,501397
1748,피자선생,피자선생가맹사업본부,피자,22,22,17,-5,-22.7,-5,-22.7,감소,1,6,470010
1749,서명성고깃집,(주)미풍당당,한식,4,12,17,5,41.7,13,325,3년 연속 증가,5,0,450685
1750,동방축산,동방축산,한식,24,39,17,-22,-56.4,-7,-29.2,감소,1,23,444976
1751,닭갈비제작소,(주)닭인푸드,한식,,11,17,6,54.5,,,증가,6,0,421947
1752,이륜당,(주)이음에프앤비,커피,20,18,17,-1,-5.6,-3,-15,3년 연속 감소,3,4,420803
1753,포메인RED,(주)데일리킹,기타 외식,17,17,17,0,0,0,0,유지,1,1,414438
1754,닭찌,세실리아(주),한식,14,12,17,5,41.7,3,21.4,증가,6,1,408111
1755,미정국수0410,(주)더본코리아,분식,27,19,17,-2,-10.5,-10,-37,3년 연속 감소,0,2,395286
1756,가장맛있는치킨,에이치에스푸드,치킨,,5,17,12,240,,,증가,12,0,389005
1757,닐리,(주)엔아이에프앤씨,서양식,21,17,17,0,0,-4,-19,유지,1,1,384923
1758,발리다포차,(주)함께그린,주점,7,,17,,,10,142.9,증가(2년 비교),3,14,364701
1759,타래퀸,"2000에프앤비(주)(2000F&BCo.,Ltd)",아이스크림/빙수,,12,17,5,41.7,,,증가,6,1,353641
1760,서울회관,서울회관(예일푸드),한식,,12,17,5,41.7,,,증가,13,8,340121
1761,고래냉면1980,고래드림,한식,12,17,17,0,0,5,41.7,유지,2,2,331594
1762,아도겐,(주)운이있는사람들,주점,14,19,17,-2,-10.5,3,21.4,감소,3,5,328776
1763,델리커리(DELHICURRY),(주)델리푸드,기타 외식,25,23,17,-6,-26.1,-8,-32,3년 연속 감소,1,7,318718
1764,"뽁순이볶음밥, 짜글이대가",비에스fnB,한식,,,17,,,,,이전 자료 없음,17,0,312762
1765,육회지존,인터푸드플래닝,기타 외식,46,46,17,-29,-63,-29,-63,감소,0,29,312640
1766,모두뼈다귀감자탕,(주)엠디에프시파트너스,한식,21,18,17,-1,-5.6,-4,-19,3년 연속 감소,2,3,311224
1767,보울레시피(bowl recipe),보울레시피,기타 외식,15,15,17,2,13.3,2,13.3,증가,4,2,303914
1768,스뎅식당,(주)존슨푸드코리아,한식,,,17,,,,,이전 자료 없음,0,6,292068
1769,남문떡볶이,(주)유민에프앤씨,분식,21,20,17,-3,-15,-4,-19,3년 연속 감소,0,3,276619
1770,평화로운집,평화,주점,,4,17,13,325,,,증가,13,0,263522
1771,만나고쪽갈비가,맛있는에프앤비(F&B),한식,22,24,17,-7,-29.2,-5,-22.7,감소,0,7,261321
1772,호천당,푸드피알,기타 외식,27,24,17,-7,-29.2,-10,-37,3년 연속 감소,0,7,253883
1773,돈까스튀기는형,(주)형들,일식,8,34,17,-17,-50,9,112.5,감소,3,20,247895
1774,이자카야 게다(げた),운치상회,일식,15,17,17,0,0,2,13.3,유지,1,1,247745
1775,비엔나커피하우스,(주)제이엠케이,커피,30,24,17,-7,-29.2,-13,-43.3,3년 연속 감소,1,8,243555
1776,피자브라더스,(주)피자브라더스,피자,17,17,17,0,0,0,0,유지,2,2,224311
1777,동동꽈배기,(주)동동꽈배기,분식,,4,17,13,325,,,증가,13,0,217556
1778,트로피티아일랜드,(주)올에프앤비,음료 (커피 외),,5,17,12,240,,,증가,13,1,217200
1779,마싰는끼니,(주)최고식품,일식,27,19,17,-2,-10.5,-10,-37,3년 연속 감소,5,7,213089
1780,길리,(주)길리,서양식,,17,17,0,0,,,유지,2,2,211733
1781,구울:계,엠엠푸드,한식,,9,17,8,88.9,,,증가,11,3,201070
1782,명동할머니국수,(주)봉원에프앤비,기타 외식,,,17,,,,,이전 자료 없음,0,4,189995
1783,아마떼,(주)한국창업경제연구소,커피,17,16,17,1,6.3,0,0,증가,2,1,184673
1784,통파이브,(주)이루에프씨,주점,25,21,17,-4,-19,-8,-32,3년 연속 감소,0,4,170046
1785,브라더꽈배기,(주)브로,분식,12,17,17,0,0,5,41.7,유지,7,7,166021
1786,이태리면가게,(주)맛있는도전,서양식,25,25,17,-8,-32,-8,-32,감소,3,11,150617
1787,수맥집,㈜와이케이코리아,주점,23,22,17,-5,-22.7,-6,-26.1,3년 연속 감소,1,6,128003
1788,밥은화,디테일컴퍼니,한식,18,18,17,-1,-5.6,-1,-5.6,감소,0,1,104322
1789,토스트카페마리,(주)더블유엔씨,제과제빵,32,24,17,-7,-29.2,-15,-46.9,3년 연속 감소,0,7,102515
1790,범카츠,배달쿡영통점(파더스컴퍼니),일식,,,17,,,,,이전 자료 없음,18,1,78146
1791,웰돈까츠,백에스코리아(주),서양식,52,41,17,-24,-58.5,-35,-67.3,3년 연속 감소,0,24,62538
1792,샐러드킹 다이어트,제이에스키친,기타 외식,14,10,17,7,70,3,21.4,증가,9,2,62409
1793,어더아사,(주)더블유제이코퍼레이션,아이스크림/빙수,,,17,,,,,이전 자료 없음,17,0,59476
1794,더담덮밥,(주)씨피알프로젝트,한식,56,50,17,-33,-66,-39,-69.6,3년 연속 감소,1,34,53928
1795,바비큐보스,(주)푸디세이,치킨,18,,17,,,-1,-5.6,감소(2년 비교),0,1,49212
1796,짬스형퓨전짬뽕,(주)제이에스정성푸드,중식,2,27,17,-10,-37,15,750,감소,6,16,35844
1797,찜닭특공대,(주)비티에스에프앤비,한식,21,18,17,-1,-5.6,-4,-19,3년 연속 감소,12,13,17633
1798,신입파스타,신입파스타본사,서양식,17,17,17,0,0,0,0,유지,0,0,12864
1799,꾸석지,시그니처메이커스(주),한식,,7,17,10,142.9,,,증가,17,7,
1800,마장동 진 나주곰탕,디에스(DS)컴퍼니,한식,,17,17,0,0,,,유지,2,2,
1801,곱도리탕전문점,(주)위드에프앤비,한식,,23,17,-6,-26.1,,,감소,1,7,
1802,콩뿌리 전주콩나물국밥,콩뿌리프랜차이즈(주),한식,18,12,17,5,41.7,-1,-5.6,증가,5,0,
1803,브라이트스타,브라이트스타랩(주),한식,29,21,17,-4,-19,-12,-41.4,3년 연속 감소,0,4,
1804,돈석이 돈숙이 배양리두루치기,돈방석,기타 외식,3,5,17,12,240,14,466.7,3년 연속 증가,12,0,
1805,찐궁물김치찌개전문점,이니푸드,한식,13,14,17,3,21.4,4,30.8,3년 연속 증가,3,0,
1806,오산조은참치,(주)준쿡코리아,일식,22,19,17,-2,-10.5,-5,-22.7,3년 연속 감소,2,4,
1807,황철수 피자,황철수피자,피자,18,,17,,,-1,-5.6,감소(2년 비교),0,1,
1808,꿀삐닭강정,(주)에스엔인더스트리,치킨,,21,17,-4,-19,,,감소,1,5,
1809,국밥온다,㈜이든푸드,한식,,16,17,1,6.3,,,증가,7,6,
1810,참맛깔곱창,(주)참맛깔,한식,,14,17,3,21.4,,,증가,4,1,
1811,일일향,(주)에이치에스푸드컴퍼니,중식,14,16,16,0,0,2,14.3,유지,3,3,2377222
1812,황장군,(주)가우정푸드,한식,18,17,16,-1,-5.9,-2,-11.1,3년 연속 감소,0,1,1207828
1813,아우어베이커리(OUR Bakery),(주)플레이에프앤비,제과제빵,7,7,16,9,128.6,9,128.6,증가,9,0,838203
1814,마라섬,(주)테르에프앤비,중식,,,16,,,,,이전 자료 없음,7,0,766154
1815,목돈72,(주)원에프엔비,한식,1,12,16,4,33.3,15,1500,3년 연속 증가,5,1,680951
1816,소주물,(주)북촌사람들,한식,,,16,,,,,이전 자료 없음,17,1,663086
1817,치맥킹,(주)씨엠케이푸드,치킨,7,14,16,2,14.3,9,128.6,3년 연속 증가,2,0,643190
1818,아담's 꼬마김밥,(주)아담스푸드앤로지스틱스,분식,14,19,16,-3,-15.8,2,14.3,감소,4,7,632497
1819,본우리반상,본아이에프(주),한식,10,14,16,2,14.3,6,60,3년 연속 증가,6,4,591461
1820,황제무한화로구이,(주)황제에프앤씨,한식,13,18,16,-2,-11.1,3,23.1,감소,2,4,583949
1821,역전국밥,(주)역전푸드,한식,13,16,16,0,0,3,23.1,유지,0,0,507887
1822,본가,(주)더본코리아,한식,25,18,16,-2,-11.1,-9,-36,3년 연속 감소,3,5,498863
1823,삼백돈돈가츠,더푸드랩에프앤비(주),일식,14,15,16,1,6.7,2,14.3,3년 연속 증가,3,2,490241
1824,홍수계찜닭,(주)마루퍼슨스,한식,18,19,16,-3,-15.8,-2,-11.1,감소,1,4,490080
1825,트레비어,(주)트레비브로이,주점,17,17,16,-1,-5.9,-1,-5.9,감소,2,3,483393
1826,루스트플레이스,㈜메이크어베러(Makeabetter),서양식,17,16,16,0,0,-1,-5.9,유지,0,0,481151
1827,유성갈비,(주)유성갈비,한식,14,16,16,0,0,2,14.3,유지,1,1,467112
1828,카츠젠,카츠젠,기타 외식,,16,16,0,0,,,유지,1,1,444429
1829,심야식당 치치,(주)한경기획,주점,26,23,16,-7,-30.4,-10,-38.5,3년 연속 감소,0,7,419772
1830,주왕산삼계탕,(주)대가야,한식,13,14,16,2,14.3,3,23.1,3년 연속 증가,2,0,403852
1831,정든닭발,(주)정든,기타 외식,25,22,16,-6,-27.3,-9,-36,3년 연속 감소,0,6,375785
1832,허대구 대구통닭,(주)디티에프앤비,치킨,24,20,16,-4,-20,-8,-33.3,3년 연속 감소,0,4,367418
1833,매취랑 감자탕,(주)미예원,한식,,,16,,,,,이전 자료 없음,6,3,360273
1834,개성집,은솔,기타 외식,26,21,16,-5,-23.8,-10,-38.5,3년 연속 감소,1,6,353759
1835,진아구,(주)미트더석세스,한식,6,14,16,2,14.3,10,166.7,3년 연속 증가,8,6,333506
1836,한가어죽,한가어죽,한식,1,7,16,9,128.6,15,1500,3년 연속 증가,12,3,308030
1837,시나본(CINNABON),블루빈컴퍼니(주),커피,,16,16,0,0,,,유지,3,3,304446
1838,쿠시노아,(주)쿠시노아,주점,,,16,,,,,이전 자료 없음,11,1,297386
1839,길가옆에누룽지삼계탕,농업회사법인(주)길가옆에,한식,13,16,16,0,0,3,23.1,유지,3,3,279659
1840,소표국수,소표,한식,3,9,16,7,77.8,13,433.3,3년 연속 증가,7,0,277320
1841,소담비빔국수,(주)태강에프앤씨,기타 외식,16,16,16,0,0,0,0,유지,3,3,274553
1842,커피기업,(주)티제이커피기업,커피,15,17,16,-1,-5.9,1,6.7,감소,2,3,274150
1843,분식회사떡심,(주)브라운에프앤씨,분식,16,18,16,-2,-11.1,0,0,감소,3,5,252067
1844,화통삼,(주)행복한상상에프앤비,한식,20,17,16,-1,-5.9,-4,-20,3년 연속 감소,0,1,223003
1845,쪽갈비에미치닭,에스제이미트컴퍼니,한식,7,,16,,,9,128.6,증가(2년 비교),4,0,202355
1846,빨간모자피자,(주)레드캡,피자,22,20,16,-4,-20,-6,-27.3,3년 연속 감소,1,5,190261
1847,치킨89(치킨팔구),(주)우분트,치킨,18,18,16,-2,-11.1,-2,-11.1,감소,4,6,166003
1848,아리스타,(주)아리스타,커피,19,16,16,0,0,-3,-15.8,유지,0,0,161301
1849,샌딜리버블,샌버S&C,한식,,,16,,,,,이전 자료 없음,10,0,160523
1850,순치킨,(주)인푸드,치킨,,,16,,,,,이전 자료 없음,11,10,155737
1851,킹프레소,킹프레소,커피,18,15,16,1,6.7,-2,-11.1,증가,2,1,155145
1852,별법동태탕왕해물찜,(주)씨에스에프씨,한식,19,19,16,-3,-15.8,-3,-15.8,감소,0,3,152513
1853,또리커피,또리커피F&B,커피,,10,16,6,60,,,증가,8,2,149786
1854,육회먹은꼬막&반반비빔밥,엠에스에프엔비,한식,,13,16,3,23.1,,,증가,3,0,135798
1855,꼬레랑,(주)맛나푸드,치킨,18,18,16,-2,-11.1,-2,-11.1,감소,1,3,134700
1856,옥탑방오봉자싸롱,(주)용감한사람들,주점,37,32,16,-16,-50,-21,-56.8,3년 연속 감소,2,18,133310
1857,어오케이커피(A.OK COFFEE),(주)어오케이컴퍼니,커피,10,15,16,1,6.7,6,60,3년 연속 증가,2,1,132623
1858,모캄보,(주)마스터코리아,커피,18,16,16,0,0,-2,-11.1,유지,1,1,130362
1859,미미고,㈜미미고,분식,20,18,16,-2,-11.1,-4,-20,3년 연속 감소,0,2,129178
1860,다이닝타몽,에스엠푸드(주),일식,,2,16,14,700,,,증가,15,1,124618
1861,치키차카초코,(주)달당,음료 (커피 외),,19,16,-3,-15.8,,,감소,4,7,123336
1862,석관동떡볶이,(주)오리엔트푸드,기타 외식,23,17,16,-1,-5.9,-7,-30.4,3년 연속 감소,0,1,120228
1863,정다함돈가스 푸드트럭,(주)정다함,기타 외식,6,5,16,11,220,10,166.7,증가,11,0,115821
1864,굴림 타코야끼,소담컴퍼니(주),기타 외식,,7,16,9,128.6,,,증가,11,2,105431
1865,카페코지,(주)카페코지,커피,,29,16,-13,-44.8,,,감소,1,14,103917
1866,이웃집소녀떡볶이,이웃집소녀쉐프,분식,28,26,16,-10,-38.5,-12,-42.9,3년 연속 감소,0,10,102201
1867,전주진국밥,기막힌한상,한식,17,11,16,5,45.5,-1,-5.9,증가,5,0,85629
1868,스윗앤샷,(주)큰집컴퍼니,커피,,,16,,,,,이전 자료 없음,16,0,71860
1869,은하별,(주)하늘이내려준음식하음,서양식,41,25,16,-9,-36,-25,-61,3년 연속 감소,0,9,61207
1870,VFC치킨파티,선진VFC,치킨,21,19,16,-3,-15.8,-5,-23.8,3년 연속 감소,0,3,59321
1871,하우스홀드,푸드피아,치킨,20,,16,,,-4,-20,감소(2년 비교),0,1,56673
1872,오떡,(주)오엠푸드,분식,15,12,16,4,33.3,1,6.7,증가,7,3,53364
1873,남영댁 커피24,남영댁커피24,커피,,,16,,,,,이전 자료 없음,8,0,39576
1874,뚱뚱이할머니족발보쌈,(주)미도식품,한식,22,19,16,-3,-15.8,-6,-27.3,3년 연속 감소,0,3,38379
1875,위드치킨,(주)도연에프앤비,치킨,20,19,16,-3,-15.8,-4,-20,3년 연속 감소,0,3,35157
1876,곤조,(주)최고식품,일식,,21,16,-5,-23.8,,,감소,13,18,34823
1877,강씨가문의족발,(주)꿈을삶는사람들컴퍼니,한식,14,14,16,2,14.3,2,14.3,증가,6,4,
1878,쉐프삼촌,(주)쿡피플,한식,21,16,16,0,0,-5,-23.8,유지,1,1,
1879,에밀리아(emilia),에밀리아코리아(주),아이스크림/빙수,10,20,16,-4,-20,6,60,감소,1,5,
1880,쑈진즈마라탕,쑈진즈푸드,중식,6,17,16,-1,-5.9,10,166.7,감소,2,3,
1881,명장 김치찜,명장김치찜,한식,,,16,,,,,이전 자료 없음,16,0,
1882,닭앤밀 닭앤도리,닭앤밀,기타 외식,9,8,16,8,100,7,77.8,증가,5,0,
1883,움버거앤윙스,(주)아이더스에프앤비,패스트푸드,,,16,,,,,이전 자료 없음,16,0,
1884,르블루피자,르블루피자,피자,,,16,,,,,이전 자료 없음,4,0,
1885,요거 피플,요거피플,커피,,,16,,,,,이전 자료 없음,0,0,
1886,마리짱,(주)삼봉,기타 외식,22,23,16,-7,-30.4,-6,-27.3,감소,0,7,
1887,설원칡냉면&푸짐보쌈,입안에행복,기타 외식,,19,16,-3,-15.8,,,감소,1,4,
1888,리얼제주텐미탕수육,쉐프의연구소,중식,42,,16,,,-26,-61.9,감소(2년 비교),3,19,
1889,마블스크림,마블스,아이스크림/빙수,,,16,,,,,이전 자료 없음,16,0,
1890,다이닝원,(주)다이닝원,일식,,16,15,-1,-6.2,,,감소,0,1,3381659
1891,솔가숯불갈비,"(주)드림에프앤비(DreamF&BCo.,Ltd)",한식,8,11,15,4,36.4,7,87.5,3년 연속 증가,4,0,1717553
1892,KFC(케이에프씨),(주)케이에프씨코리아,패스트푸드,,,15,,,,,이전 자료 없음,15,0,1617254
1893,엉터리생고기,(주)엉터리,기타 외식,25,20,15,-5,-25,-10,-40,3년 연속 감소,0,5,959527
1894,하나마토,(주)로코모티브서울,주점,,,15,,,,,이전 자료 없음,15,0,816761
1895,세광교대이층집,(주)세광그린푸드리테일,기타 외식,22,20,15,-5,-25,-7,-31.8,3년 연속 감소,0,5,748488
1896,방이옥,(주)태에프앤비,한식,,22,15,-7,-31.8,,,감소,5,12,709578
1897,깻잎막회,(주)제이앤제이코리아,기타 외식,,8,15,7,87.5,,,증가,12,5,686131
1898,대패마켙,(주)대패마켙,한식,,,15,,,,,이전 자료 없음,15,0,660228
1899,흑돼지 삼백식당,정상FC,한식,23,20,15,-5,-25,-8,-34.8,3년 연속 감소,0,5,573956
1900,청도미나리식당,(주)청도푸드,한식,,5,15,10,200,,,증가,13,3,559187
1901,정온달집,(주)밥재이,한식,32,22,15,-7,-31.8,-17,-53.1,3년 연속 감소,4,11,548533
1902,월남쌈김상사,(주)웰빙푸드에프씨,기타 외식,17,17,15,-2,-11.8,-2,-11.8,감소,0,2,528646
1903,티엠티피자(TMT피자),(주)티엠티컴퍼니,피자,,7,15,8,114.3,,,증가,12,4,521590
1904,K비빔밥,쓰리비플러스(threebplus),한식,,,15,,,,,이전 자료 없음,16,1,521510
1905,동백연화,동백(주),주점,,7,15,8,114.3,,,증가,8,0,515931
1906,아토커피,(주)유엔유,커피,,10,15,5,50,,,증가,5,0,504840
1907,하이테이블,(주)하이테이블,커피,10,17,15,-2,-11.8,5,50,감소,0,2,503527
1908,전포여관,(주)팀어반,주점,10,17,15,-2,-11.8,5,50,감소,2,4,502715
1909,도스타코스,(주)도스타코스,기타 외국식,14,15,15,0,0,1,7.1,유지,0,0,457164
1910,백청우칼국수,백청우칼국수,한식,15,,15,,,0,0,유지(2년 비교),1,0,456654
1911,동읍리,(주)동읍에프엔비,한식,,,15,,,,,이전 자료 없음,15,0,453865
1912,산촌신쭈꾸미,(주)산촌,한식,11,11,15,4,36.4,4,36.4,증가,5,1,447136
1913,위찜,(주)위,기타 외식,16,16,15,-1,-6.2,-1,-6.2,감소,3,4,446379
1914,부라보쪽갈비,(주)드림랜드,한식,15,15,15,0,0,0,0,유지,1,1,430588
1915,꼬치마요,(주)다함컴퍼니,주점,2,9,15,6,66.7,13,650,3년 연속 증가,7,1,403266
1916,바로그집,하나유통,분식,13,14,15,1,7.1,2,15.4,3년 연속 증가,1,0,361766
1917,삼도숙성회,삼도숙성회망포점,일식,,,15,,,,,이전 자료 없음,15,0,332142
1918,필스너하우스(PILSNER HOUSE),(주)엔디홀딩스,주점,13,15,15,0,0,2,15.4,유지,1,1,328418
1919,등갈비애꼬치다,라온에프앤씨,기타 외식,15,18,15,-3,-16.7,0,0,감소,4,7,327119
1920,멘무샤,(주)오리엔탈푸드코리아,기타 외식,19,18,15,-3,-16.7,-4,-21.1,3년 연속 감소,0,3,321168
1921,호박꽃,(주)맛남컴퍼니,한식,4,12,15,3,25,11,275,3년 연속 증가,3,0,313333
1922,국가대패,(주)엉터리,한식,24,19,15,-4,-21.1,-9,-37.5,3년 연속 감소,0,5,310942
1923,청년숯불두마리치킨,청년숯불두마리치킨,치킨,3,7,15,8,114.3,12,400,3년 연속 증가,18,10,302944
1924,진지방,(주)리더스코리아코퍼레이션,한식,16,18,15,-3,-16.7,-1,-6.2,감소,0,3,297398
1925,괸당집,(주)더나은축산유통,한식,13,15,15,0,0,2,15.4,유지,1,2,293840
1926,콩카페,(주)그린에그에프엔비,커피,1,14,15,1,7.1,14,1400,3년 연속 증가,4,3,286345
1927,미스터보쌈5379,(주)올굳에프앤비,한식,44,23,15,-8,-34.8,-29,-65.9,3년 연속 감소,0,8,280643
1928,샤오당쟈,(주)홍임,중식,12,13,15,2,15.4,3,25,3년 연속 증가,3,1,278762
1929,동해강릉초당짬뽕순두부,아이이에프에스(주),한식,4,12,15,3,25,11,275,3년 연속 증가,6,3,278130
1930,마스터피자쏭,피자쏭,기타 외식,,10,15,5,50,,,증가,6,1,278060
1931,쌈마이닭쌈밥,㈜쌈마이에프앤비,한식,,4,15,11,275,,,증가,11,0,273064
1932,피자베이,피자베이대표서면본점,피자,,20,15,-5,-25,,,감소,0,5,252964
1933,장미막창,푸드스토리,기타 외식,15,15,15,0,0,0,0,유지,4,4,250515
1934,부리또인,(주)위드피플,기타 외국식,13,14,15,1,7.1,2,15.4,3년 연속 증가,1,0,246857
1935,카츠모리,모리,일식,22,17,15,-2,-11.8,-7,-31.8,3년 연속 감소,1,3,231709
1936,전설낙곱새,전설낙곱새,한식,,,15,,,,,이전 자료 없음,3,5,229636
1937,피자플래넷,(주)플래넷에프앤디,서양식,57,37,15,-22,-59.5,-42,-73.7,3년 연속 감소,0,22,223440
1938,노가리슈퍼,(주)대진에프앤비,주점,25,19,15,-4,-21.1,-10,-40,3년 연속 감소,0,4,218548
1939,누룩꽃 피는날,(주)노른자팩토리,한식,19,17,15,-2,-11.8,-4,-21.1,3년 연속 감소,0,2,218307
1940,남다른대구막창,이안에에프엔비,한식,14,16,15,-1,-6.2,1,7.1,감소,3,4,213766
1941,펠어커피초코,펠어커피,커피,,23,15,-8,-34.8,,,감소,0,8,209859
1942,카츠오모이,카츠오모이,일식,14,14,15,1,7.1,1,7.1,증가,1,0,207703
1943,대칠성포차,(주)엔에이치에프,주점,23,20,15,-5,-25,-8,-34.8,3년 연속 감소,0,5,202873
1944,조선화로집,(주)이바돔,한식,53,29,15,-14,-48.3,-38,-71.7,3년 연속 감소,0,14,199923
1945,그여행(B.H.F.H),㈜올라운드컴퍼니,제과제빵,12,16,15,-1,-6.2,3,25,감소,2,3,198780
1946,다기야,(주)씨랩,기타 외식,18,19,15,-4,-21.1,-3,-16.7,감소,0,4,193059
1947,장수치킨맥주,엘케이(LK)푸드,치킨,,12,15,3,25,,,증가,4,1,192037
1948,카페보니또,에스프레소코리아(주),커피,21,19,15,-4,-21.1,-6,-28.6,3년 연속 감소,0,4,183526
1949,파더스베이글(father'sbagel),파더스베이글,제과제빵,12,15,15,0,0,3,25,유지,6,6,172062
1950,비어첸,(주)케이더블유프랜차이즈,주점,27,,15,,,-12,-44.4,감소(2년 비교),0,6,161091
1951,돌우물집,(주)돌우물,한식,,7,15,8,114.3,,,증가,11,3,157345
1952,빨라쪼 델 프레도,(주)빨라쪼,아이스크림/빙수,12,15,15,0,0,3,25,유지,1,1,152332
1953,숯불민족,(주)국민키친,치킨,3,16,15,-1,-6.2,12,400,감소,3,4,149060
1954,국수기행,국수기행,기타 외식,4,10,15,5,50,11,275,3년 연속 증가,5,0,147923
1955,유달리,(주)유달리코리아,기타 외식,27,20,15,-5,-25,-12,-44.4,3년 연속 감소,0,5,124333
1956,용길이네국밥집,㈜양파에프앤비,한식,,2,15,13,650,,,증가,14,1,114501
1957,파스타왔어요,(주)더라프,서양식,21,23,15,-8,-34.8,-6,-28.6,감소,2,10,113837
1958,커피홀(coffee hole),(주)커피홀,커피,13,24,15,-9,-37.5,2,15.4,감소,1,10,111357
1959,쌀똑핫도그,(주)초베이,제과제빵,21,24,15,-9,-37.5,-6,-28.6,감소,2,11,110925
1960,깨순이김밥,(유)대성물류,기타 외식,20,20,15,-5,-25,-5,-25,감소,0,5,84890
1961,아틀리에빈,(주)서이컴퍼니,커피,23,18,15,-3,-16.7,-8,-34.8,3년 연속 감소,0,3,82541
1962,스위시(SUWiSH),(주)와이케이,일식,1,12,15,3,25,14,1400,3년 연속 증가,13,10,81781
1963,블루빈스,(주)블루빈스커피,커피,16,16,15,-1,-6.2,-1,-6.2,감소,4,5,75647
1964,삼초전 삼겹살 초벌전문점,엔돌핀,한식,22,23,15,-8,-34.8,-7,-31.8,감소,0,8,73200
1965,초밥싸롱,에스엘컴퍼니,일식,,8,15,7,87.5,,,증가,7,0,62022
1966,왕큰손곱도리탕,(주)비티에스에프앤비,한식,6,13,15,2,15.4,9,150,3년 연속 증가,3,1,3626
1967,정코다리,(주)티.케이.피,한식,23,18,15,-3,-16.7,-8,-34.8,3년 연속 감소,0,3,
1968,박순자아우내순대,(주)박순자아우내순대유통,한식,,,15,,,,,이전 자료 없음,16,1,
1969,형제들 감자탕,(주)고을식품,한식,14,15,15,0,0,1,7.1,유지,0,0,
1970,존슨켄터키,(주)비브라더스,치킨,16,16,15,-1,-6.2,-1,-6.2,감소,0,1,
1971,태성추어탕,태성추어탕,기타 외식,14,,15,,,1,7.1,증가(2년 비교),1,0,
1972,요거팡 YogurPang,팡(PangF&B),커피,,4,15,11,275,,,증가,11,0,
1973,덮빔밥,바르다에프앤비,한식,,,15,,,,,이전 자료 없음,16,1,
1974,디오니스,세음에프앤비,주점,16,16,15,-1,-6.2,-1,-6.2,감소,0,1,
1975,원조강영숙봉평메밀촌,봉평산골메밀촌,기타 외식,17,,15,,,-2,-11.8,감소(2년 비교),1,2,
1976,타이티카페(TAETEA CAFE),(주)대익인터내셔날코리아,음료 (커피 외),17,17,15,-2,-11.8,-2,-11.8,감소,0,2,
1977,고메스퀘어,(주)고메코리아,일식,,1,14,13,1300,,,증가,13,0,6243713
1978,갈비꽃,(주)갈비꽃,한식,11,13,14,1,7.7,3,27.3,3년 연속 증가,3,2,807801
1979,건향촌흑염소,(주)건향촌이야기,한식,,7,14,7,100,,,증가,7,0,768653
1980,열혈청춘,(주)열혈에프앤비,한식,,,14,,,,,이전 자료 없음,14,0,736120
1981,조리고,조리고,한식,16,14,14,0,0,-2,-12.5,유지,1,1,670070
1982,꽃돼지식당,오티엠(OTM),한식,15,15,14,-1,-6.7,-1,-6.7,감소,2,3,575462
1983,짬뽕타임,(주)다온에프엔비,중식,21,,14,,,-7,-33.3,감소(2년 비교),0,1,564762
1984,교동짬뽕1986,(주)1986코리아,중식,,11,14,3,27.3,,,증가,5,2,525074
1985,1703 참한집,(주)참된사람들,한식,5,14,14,0,0,9,180,유지,3,3,520490
1986,엔츠노래타운,(주)엔츠,주점,15,15,14,-1,-6.7,-1,-6.7,감소,0,1,516951
1987,백종원의원조쌈밥집,(주)더본코리아,한식,16,14,14,0,0,-2,-12.5,유지,1,1,485586
1988,국밥관,라온엔터프라이즈,한식,,15,14,-1,-6.7,,,감소,3,4,472125
1989,삼대족발,(주)다담푸드,한식,15,15,14,-1,-6.7,-1,-6.7,감소,0,1,463833
1990,시골애,(주)시골애,한식,15,14,14,0,0,-1,-6.7,유지,0,0,455000
1991,전주24시참편한39콩나물국밥,(주)참편한칭구,한식,14,14,14,0,0,0,0,유지,1,1,447657
1992,우시야,(주)그릴식탁,기타 외식,8,14,14,0,0,6,75,유지,1,2,430370
1993,꽉찬소곱창,(주)더블에이치푸드,한식,,12,14,2,16.7,,,증가,5,3,429785
1994,아그집쭈꾸미,(주)아그집쭈꾸미,기타 외식,14,14,14,0,0,0,0,유지,0,0,429290
1995,상아김밥,(주)상아에프앤씨,분식,12,13,14,1,7.7,2,16.7,3년 연속 증가,3,3,426418
1996,형과아우누룽지삼계탕&왕갈비탕,㈜형과아우,한식,3,12,14,2,16.7,11,366.7,3년 연속 증가,3,1,424205
1997,피자다오,피자다오,서양식,,,14,,,,,이전 자료 없음,14,0,406134
1998,신마라명가,(주)신마라명가,중식,9,13,14,1,7.7,5,55.6,3년 연속 증가,2,1,402481
1999,마라루,마라루,중식,22,18,14,-4,-22.2,-8,-36.4,3년 연속 감소,2,6,396739
2000,고불짬뽕,(주)케이에프피,중식,,5,14,9,180,,,증가,11,2,394460
2001,고기미담,윈윈에프엔비,한식,,3,14,11,366.7,,,증가,13,2,393284
2002,달토끼짬뽕,(주)우성에프앤비,중식,4,3,14,11,366.7,10,250,증가,11,0,386667
2003,피맥하우스,㈜오엠케이컴퍼니,피자,20,19,14,-5,-26.3,-6,-30,3년 연속 감소,0,5,386547
2004,홍대돈부리,(주)홍대돈부리,일식,22,15,14,-1,-6.7,-8,-36.4,3년 연속 감소,1,2,377742
2005,서래갈매기,(주)서래식구들,한식,16,15,14,-1,-6.7,-2,-12.5,3년 연속 감소,0,1,377479
2006,멘지,본아이에프(주),일식,,3,14,11,366.7,,,증가,11,0,375109
2007,삼굽살,(주)삼굽살,한식,8,20,14,-6,-30,6,75,감소,1,7,371630
2008,훅트포케(HOOKEDPOKE),(주)훅트,기타 외식,4,12,14,2,16.7,10,250,3년 연속 증가,5,3,369338
2009,우성돈까스,(주)효수,일식,,16,14,-2,-12.5,,,감소,1,3,369162
2010,빈체로,(주)에스씨케이,서양식,18,17,14,-3,-17.6,-4,-22.2,3년 연속 감소,0,3,364248
2011,왕돈까스&왕냉면,오름푸드(주),기타 외식,17,14,14,0,0,-3,-17.6,유지,1,5,358274
2012,찡찡꼬마김밥,더제이(TheJ),분식,13,15,14,-1,-6.7,1,7.7,감소,2,3,348548
2013,정성숯불두마리치킨,(주)정성앤푸드,치킨,2,12,14,2,16.7,12,600,3년 연속 증가,5,3,338600
2014,평민닭발,㈜평민코리아,한식,,2,14,12,600,,,증가,12,1,337467
2015,냉철한삼겹,(주)거성에프앤비,한식,5,5,14,9,180,9,180,증가,5,2,317747
2016,굴천지&초계국수,제이앤에스,기타 외식,14,16,14,-2,-12.5,0,0,감소,1,3,317299
2017,신기소,(주)공영식품,일식,17,16,14,-2,-12.5,-3,-17.6,3년 연속 감소,0,2,315734
2018,세컨디 포레스트,(주)포레스트컴퍼니,서양식,28,21,14,-7,-33.3,-14,-50,3년 연속 감소,1,8,314893
2019,연안식당,선샤인푸드(주),한식,69,33,14,-19,-57.6,-55,-79.7,3년 연속 감소,0,19,308003
2020,빈타이(BEAN TIE),(유)빈타이컴퍼니,커피,10,14,14,0,0,4,40,유지,0,0,307114
2021,훗스테이크,플로우(FLOW),서양식,17,20,14,-6,-30,-3,-17.6,감소,0,6,297481
2022,기울어진뚝배기,태유(주),한식,,7,14,7,100,,,증가,8,1,284806
2023,양평서울해장국큰아들집,농업회사법인(주)비손,한식,9,10,14,4,40,5,55.6,3년 연속 증가,5,1,284588
2024,포차인북성로,삼정코리아,주점,,5,14,9,180,,,증가,9,0,277971
2025,1989마라탕,씨와이씨(CYC)푸드,중식,16,19,14,-5,-26.3,-2,-12.5,감소,3,8,273491
2026,호야짬뽕1650,바른창업연구소,중식,14,15,14,-1,-6.7,0,0,감소,5,6,273463
2027,콩시루,(주)콩시루에프앤비,한식,12,16,14,-2,-12.5,2,16.7,감소,1,3,266615
2028,허니홈비,허니라이프,아이스크림/빙수,6,14,14,0,0,8,133.3,유지,3,2,259602
2029,왕돈까스&왕냉면,(주)오래오래푸드,분식,17,14,14,0,0,-3,-17.6,유지,1,1,257472
2030,엉클부대찌개,(주)엉클컴퍼니,기타 외식,15,13,14,1,7.7,-1,-6.7,증가,5,4,246495
2031,남노갈비,(주)조이에프앤비,한식,12,13,14,1,7.7,2,16.7,3년 연속 증가,3,2,222590
2032,웍스터(WOKSTER),(주)플레이트원,중식,,3,14,11,366.7,,,증가,11,0,214776
2033,오비베어(OB BEAR),(주)코리아엔에스,주점,23,23,14,-9,-39.1,-9,-39.1,감소,0,9,209823
2034,좋은초밥,(주)좋은푸드,일식,,19,14,-5,-26.3,,,감소,0,5,205714
2035,떡슐랭,(주)윌비코퍼레이션,분식,,15,14,-1,-6.7,,,감소,3,4,203595
2036,제순식당,(주)더본코리아,한식,2,11,14,3,27.3,12,600,3년 연속 증가,5,2,200201
2037,그집마늘치킨&쪼닭,케이디디유통,치킨,8,,14,,,6,75,증가(2년 비교),6,1,195502
2038,국대찜닭,(주)두레에프앤비,기타 외식,,12,14,2,16.7,,,증가,7,5,195489
2039,꿀꿀진순대,(주)조경민,한식,,13,14,1,7.7,,,증가,3,2,194685
2040,A LOT TO GO(어랏투고),제로3커피로스터스,커피,6,12,14,2,16.7,8,133.3,3년 연속 증가,2,0,190084
2041,자갈집,(주)자갈집,한식,,,14,,,,,이전 자료 없음,9,0,189454
2042,장금수부대찌개,금수식품,기타 외식,,18,14,-4,-22.2,,,감소,0,4,188799
2043,CAFE DE CRAFT Bakery,(주)정명에프앤비,제과제빵,8,11,14,3,27.3,6,75,3년 연속 증가,4,1,181969
2044,백년가마솥옛날통닭,현성식품(주),치킨,14,17,14,-3,-17.6,0,0,감소,2,5,172056
2045,달곰김밥,달곰FS달곰김밥SK테크노점,기타 외식,17,15,14,-1,-6.7,-3,-17.6,3년 연속 감소,0,1,171479
2046,명백집,명백집,한식,,3,14,11,366.7,,,증가,11,0,168756
2047,영영,(주)블루푸드랩,기타 외식,53,,14,,,-39,-73.6,감소(2년 비교),0,19,163620
2048,어죽이네철렵국,어죽이네철렵국,한식,14,,14,,,0,0,유지(2년 비교),0,0,159480
2049,아리가또맘마,(주)트렌차이즈,기타 외국식,27,19,14,-5,-26.3,-13,-48.1,3년 연속 감소,1,6,158773
2050,카페홈즈(Cafe Homes),(주)카페홈즈,커피,,12,14,2,16.7,,,증가,6,4,156960
2051,3883 팔도실비집,삼정코리아,주점,40,21,14,-7,-33.3,-26,-65,3년 연속 감소,0,7,155896
2052,다기몽,진F&S,치킨,13,13,14,1,7.7,1,7.7,증가,2,1,154166
2053,원조전통명가 통큰할매순대국,(주)세븐하베스트,한식,19,14,14,0,0,-5,-26.3,유지,0,0,139451
2054,갈바트 카페,㈜이지에프앤비,커피,,2,14,12,600,,,증가,12,0,136366
2055,커피브라더,(주)브라더컴퍼니,커피,18,,14,,,-4,-22.2,감소(2년 비교),0,3,136095
2056,시골막국수와 옹심이,메밀고개푸드(주),한식,12,11,14,3,27.3,2,16.7,증가,3,0,134195
2057,헤이키 커피,(주)헤이키컴퍼니,커피,,3,14,11,366.7,,,증가,11,0,129915
2058,마린커피,(주)마린컴퍼니,커피,14,12,14,2,16.7,0,0,증가,3,1,123886
2059,카와루라멘,카와루라멘본점,일식,21,18,14,-4,-22.2,-7,-33.3,3년 연속 감소,0,4,123521
2060,폼프리츠,폼프리츠,주점,15,14,14,0,0,-1,-6.7,유지,0,0,115785
2061,히즈빈스(HISBEANS),(주)향기내는사람들,커피,14,16,14,-2,-12.5,0,0,감소,0,2,108189
2062,샐러딧,(주)푸드앤바이오,기타 외식,6,23,14,-9,-39.1,8,133.3,감소,3,12,86208
2063,하늘보리피자,(주)웰가코리아,피자,24,16,14,-2,-12.5,-10,-41.7,3년 연속 감소,0,2,85066
2064,파스타딜리,(주)와이티에프엔비,서양식,28,31,14,-17,-54.8,-14,-50,감소,3,20,85000
2065,아리랑수제핫도그,(주)아리랑에프앤비,제과제빵,15,14,14,0,0,-1,-6.7,유지,0,0,74368
2066,비에뜨반미,(주)엘케이에프엔비,기타 외국식,,,14,,,,,이전 자료 없음,4,6,68068
2067,베스트빈,(주)에스에이치네트웍스,커피,19,14,14,0,0,-5,-26.3,유지,0,0,67168
2068,맥켄치킨,(주)대한에프앤에스,치킨,22,15,14,-1,-6.7,-8,-36.4,3년 연속 감소,0,1,43433
2069,죽토피아,푸드토피아,한식,34,,14,,,-20,-58.8,감소(2년 비교),0,0,39142
2070,손문대구막창갈매기살,(주)손문에프앤씨,한식,20,16,14,-2,-12.5,-6,-30,3년 연속 감소,0,2,28397
2071,꿀마니 닭강정,(주)진성푸드,치킨,18,16,14,-2,-12.5,-4,-22.2,3년 연속 감소,3,5,26649
2072,악동삼겹,(주)와이디에프앤비(F&B),한식,,25,14,-11,-44,,,감소,0,11,19855
2073,이용민의 유성닭발,드래곤팩토리,한식,16,16,14,-2,-12.5,-2,-12.5,감소,2,4,
2074,대한냉면 고기친구,프렌즈뷰,한식,14,14,14,0,0,0,0,유지,0,0,
2075,오복솥뚜껑,(주)오복이야기,한식,3,7,14,7,100,11,366.7,3년 연속 증가,7,0,
2076,위클리베이글,(주)블루유니버스,제과제빵,,5,14,9,180,,,증가,11,2,
2077,라돌이마라탕,라돌이에프앤비,중식,12,14,14,0,0,2,16.7,유지,0,0,
2078,정우의 도시락,더플레이팅,기타 외식,1,33,14,-19,-57.6,13,1300,감소,5,24,
2079,뽕사부,(주)뽕사부컴퍼니,중식,14,13,13,0,0,-1,-7.1,유지,1,1,1237490
2080,옛날농장,(주)첨성대,한식,13,13,13,0,0,0,0,유지,1,1,1093450
2081,바른초밥,바른F&B,일식,14,12,13,1,8.3,-1,-7.1,증가,2,1,979543
2082,복사꽃피는집,(주)집밥공방,한식,12,13,13,0,0,1,8.3,유지,1,1,840660
2083,WOO'Z,우즈(주),제과제빵,11,11,13,2,18.2,2,18.2,증가,2,0,803888
2084,육시리,(주)값진사람들,한식,18,17,13,-4,-23.5,-5,-27.8,3년 연속 감소,0,4,740280
2085,차알(Cha’R),차알(주),중식,6,6,13,7,116.7,7,116.7,증가,10,3,723137
2086,호랑이초밥,(주)호랑이에프앤비,기타 외식,16,17,13,-4,-23.5,-3,-18.7,감소,1,3,691730
2087,한다솥,(주)에이치디컴퍼니(HD),한식,4,13,13,0,0,9,225,유지,2,2,665833
2088,노천민물장어,노천푸드(주),한식,,2,13,11,550,,,증가,11,0,657780
2089,육하원칙,(주)세연에프앤비,한식,14,15,13,-2,-13.3,-1,-7.1,감소,0,2,633837
2090,호앙비엣,네버슬립(주),기타 외국식,,,13,,,,,이전 자료 없음,13,0,580565
2091,멘부리,(주)멘부리,일식,,10,13,3,30,,,증가,3,0,575707
2092,메밀나라,(주)메밀나라,기타 외식,9,11,13,2,18.2,4,44.4,3년 연속 증가,2,0,556430
2093,도쿄이찌바,(주)제이알에프앤씨,일식,15,17,13,-4,-23.5,-2,-13.3,감소,0,4,551754
2094,호박꽃마차,(주)무궁컴퍼니,일식,,15,13,-2,-13.3,,,감소,1,3,536807
2095,양복점,(주)초록불,기타 외식,,,13,,,,,이전 자료 없음,13,0,487273
2096,다왕갈비탕,다왕푸드컨설팅,한식,,2,13,11,550,,,증가,11,0,486657
2097,왕초바베큐,(주)모다플레이스,치킨,,,13,,,,,이전 자료 없음,13,0,486589
2098,리춘시장,(주)더본코리아,중식,33,19,13,-6,-31.6,-20,-60.6,3년 연속 감소,1,7,467847
2099,길성이,농업회사법인(주)길가옆에,한식,14,13,13,0,0,-1,-7.1,유지,0,0,438610
2100,김둘레순대국,(주)둘레,한식,16,13,13,0,0,-3,-18.7,유지,1,1,428447
2101,황생가칼국수,(주)황생가에프앤비,한식,15,14,13,-1,-7.1,-2,-13.3,3년 연속 감소,2,3,413114
2102,국민닭발,국민푸드,기타 외식,20,,13,,,-7,-35,감소(2년 비교),0,4,409245
2103,미쓰족발,보승FC,기타 외식,,17,13,-4,-23.5,,,감소,0,4,404315
2104,이자와,(주)레디코퍼레이션,일식,14,,13,,,-1,-7.1,감소(2년 비교),1,2,390138
2105,88노가리,88그린푸드(주),주점,2,11,13,2,18.2,11,550,3년 연속 증가,3,1,389700
2106,이름없는 파스타,(주)한평의꿈,기타 외식,12,12,13,1,8.3,1,8.3,증가,3,2,387467
2107,성경만두요리전문점,(주)성경에프앤에스,한식,14,14,13,-1,-7.1,-1,-7.1,감소,0,1,378254
2108,청년양고기,다동식품,한식,4,10,13,3,30,9,225,3년 연속 증가,4,1,375098
2109,호아빈,(주)오리엔탈푸드코리아,기타 외국식,24,17,13,-4,-23.5,-11,-45.8,3년 연속 감소,1,5,364695
2110,도우라이크피자,(주)바음,피자,,14,13,-1,-7.1,,,감소,3,4,357417
2111,바우네 나주곰탕,(주)엠지에이치,한식,22,15,13,-2,-13.3,-9,-40.9,3년 연속 감소,0,2,341720
2112,동서네낙지,(유)동서네낙지본점,한식,16,13,13,0,0,-3,-18.7,유지,1,1,339035
2113,화평동왕냉면,(주)에이치비에스,한식,14,13,13,0,0,-1,-7.1,유지,0,0,329519
2114,수작카츠,(주)한스앤컴퍼니,기타 외식,9,12,13,1,8.3,4,44.4,3년 연속 증가,1,0,319559
2115,고칸,(주)제이즈플래닛,일식,8,13,13,0,0,5,62.5,유지,1,1,305244
2116,동네맛집뼈구이집,(주)맛본,한식,,3,13,10,333.3,,,증가,12,2,296117
2117,진국본가,농업회사법인㈜진국본가,한식,17,15,13,-2,-13.3,-4,-23.5,3년 연속 감소,0,2,285867
2118,포식(PHO食),포식코리아,기타 외국식,,,13,,,,,이전 자료 없음,7,0,282150
2119,오빠화이팅,굿럭G.L,주점,,2,13,11,550,,,증가,11,0,279913
2120,갓갈비,(주)더베스트립,한식,14,15,13,-2,-13.3,-1,-7.1,감소,2,4,269993
2121,chick by chick(칙바이칙),(주)에프엔어니스티,치킨,3,14,13,-1,-7.1,10,333.3,감소,7,8,263411
2122,수수하지만굉장해,㈜사나이컴퍼니,일식,9,11,13,2,18.2,4,44.4,3년 연속 증가,4,2,253593
2123,신마라,마라소스,중식,,17,13,-4,-23.5,,,감소,0,4,250331
2124,카츠by현,㈜룰루마켓,일식,11,17,13,-4,-23.5,2,18.2,감소,0,4,250145
2125,김뚜껑 부대찌개,김뚜껑푸드,한식,6,10,13,3,30,7,116.7,3년 연속 증가,4,1,248213
2126,달인대보칼국수,(주)오직코리아,한식,,7,13,6,85.7,,,증가,8,2,244040
2127,하루비어,(주)포앤디코리아,주점,21,19,13,-6,-31.6,-8,-38.1,3년 연속 감소,0,6,235058
2128,레드그레이,레드그레이,한식,,,13,,,,,이전 자료 없음,13,0,231803
2129,찌웅이네숯불두마리치킨,웅스키친,치킨,10,28,13,-15,-53.6,3,30,감소,0,15,220076
2130,치킨퐁237,(주)비어프랜드,치킨,16,13,13,0,0,-3,-18.7,유지,0,0,218494
2131,전광수커피,(주)전광수커피,커피,16,14,13,-1,-7.1,-3,-18.7,3년 연속 감소,0,1,215615
2132,쌍팔반점,(주)돌우물,중식,16,13,13,0,0,-3,-18.7,유지,8,8,198978
2133,우거지품은순대국,(주)우품,한식,16,14,13,-1,-7.1,-3,-18.7,3년 연속 감소,0,1,195228
2134,리얼파스타,리얼파스타,서양식,18,15,13,-2,-13.3,-5,-27.8,3년 연속 감소,1,3,194511
2135,THE BLUE COFFEE,(주)더블루커피,커피,,12,13,1,8.3,,,증가,2,1,172334
2136,피자쿠치나,(주)올데이프레쉬,피자,30,19,13,-6,-31.6,-17,-56.7,3년 연속 감소,0,6,169719
2137,불오뎅,공공식품,분식,15,14,13,-1,-7.1,-2,-13.3,3년 연속 감소,1,2,167154
2138,카페그리닝,(주)지알엔푸드코리아(GRNFOODKOREAInc.),음료 (커피 외),,,13,,,,,이전 자료 없음,2,4,158828
2139,PLAN(플랜),커피플랜침산점,커피,20,,13,,,-7,-35,감소(2년 비교),0,2,157023
2140,멸치어때?,(주)엔에스푸드,기타 외식,,,13,,,,,이전 자료 없음,2,5,153878
2141,콜프로스터스,콜프로스터스,커피,3,10,13,3,30,10,333.3,3년 연속 증가,3,0,142922
2142,호두가,호두가,제과제빵,,9,13,4,44.4,,,증가,4,0,138777
2143,79파운야드(79 FOUNYARD),(주)에이알피에프엔비,제과제빵,65,30,13,-17,-56.7,-52,-80,3년 연속 감소,0,17,136138
2144,일리터맥스,맥스랩(LAB),커피,,14,13,-1,-7.1,,,감소,2,3,131996
2145,커피온리,(주)커피온리,커피,,35,13,-22,-62.9,,,감소,0,22,125737
2146,황남쫀드기,황남쫀드기,기타 외식,5,11,13,2,18.2,8,160,3년 연속 증가,1,2,120024
2147,혼다라멘,(주)리오컴퍼니,일식,16,14,13,-1,-7.1,-3,-18.7,3년 연속 감소,0,1,116682
2148,송정동핫도그,(주)송핫,분식,15,19,13,-6,-31.6,-2,-13.3,감소,3,9,116649
2149,시골숯불치킨,시골식품,치킨,21,17,13,-4,-23.5,-8,-38.1,3년 연속 감소,1,5,112268
2150,카페그란데,(주)카페그란데,커피,,9,13,4,44.4,,,증가,5,1,110905
2151,짬뽕상회,(주)비앤에이,기타 외식,28,,13,,,-15,-53.6,감소(2년 비교),0,5,109802
2152,싱싱샐러드,(주)헬씨패밀리,기타 외식,11,13,13,0,0,2,18.2,유지,0,0,107143
2153,수김밥,손수푸드,한식,14,14,13,-1,-7.1,-1,-7.1,감소,0,1,97610
2154,와커피 (WA’ COFFEE),(주)정철,커피,9,10,13,3,30,4,44.4,3년 연속 증가,7,4,97532
2155,슈케익하우스(Chou Cake House),슈케익하우스본사,제과제빵,,,13,,,,,이전 자료 없음,1,5,96552
2156,COFFEE PUCK,커피퍽바이미스터케이,커피,7,13,13,0,0,6,85.7,유지,1,1,94994
2157,더드림커피,더드림,커피,10,13,13,0,0,3,30,유지,0,0,90506
2158,요고프로즌요거트(YOGO FROZEN YOGURT),(주)웰니스레시피,기타 외식,,6,13,7,116.7,,,증가,9,2,88905
2159,GLOER,(주)위벨롭먼트,제과제빵,34,26,13,-13,-50,-21,-61.8,3년 연속 감소,0,13,88691
2160,마미쿡,(주)에이치푸드빌,패스트푸드,22,15,13,-2,-13.3,-9,-40.9,3년 연속 감소,0,2,87475
2161,이천밥쌤,(주)태명에프앤티,한식,,13,13,0,0,,,유지,7,7,83315
2162,치킨삼파전,이온유통,치킨,20,17,13,-4,-23.5,-7,-35,3년 연속 감소,0,4,82978
2163,막창로2가 삽교곱창,(주)지에프코리아,한식,,10,13,3,30,,,증가,5,2,79784
2164,빨콩,(주)태웅푸드,기타 외식,8,8,13,5,62.5,5,62.5,증가,7,1,72411
2165,채선당밀키트24,(주)채선당,기타 외식,16,,13,,,-3,-18.7,감소(2년 비교),0,9,67226
2166,킹콩쥬스엔커피,(주)킹콩쥬스엔커피,음료 (커피 외),28,21,13,-8,-38.1,-15,-53.6,3년 연속 감소,0,8,66750
2167,파-닭에파무쳐,에스엠푸드(주),치킨,17,16,13,-3,-18.7,-4,-23.5,3년 연속 감소,1,4,61711
2168,고수의덮밥,제이에스키친,한식,,1,13,12,1200,,,증가,12,0,57928
2169,홈스밀,(주)홈스밀,기타 외식,1,14,13,-1,-7.1,12,1200,감소,6,7,31793
2170,유떡,피굽남앤유떡가맹본부,분식,29,32,13,-19,-59.4,-16,-55.2,감소,1,20,13477
2171,에그벅,㈜백전백승,기타 외식,38,22,13,-9,-40.9,-25,-65.8,3년 연속 감소,0,9,12264
2172,케이엠엘리갤러리카페,(주)엘리홀딩스,커피,21,13,13,0,0,-8,-38.1,유지,0,0,2915
2173,전골마켓,착한맘굿쉐프,한식,20,,13,,,-7,-35,감소(2년 비교),0,3,
2174,무한조개,엠에이치코리아,한식,12,,13,,,1,8.3,증가(2년 비교),0,1,
2175,인생제육,(주)굿굿스토리,한식,,,13,,,,,이전 자료 없음,13,0,
2176,천상대게,천상대게,한식,14,13,13,0,0,-1,-7.1,유지,1,1,
2177,빅대디 포장마차,빅대디에프앤비(F&B),치킨,,,13,,,,,이전 자료 없음,13,0,
2178,오메과메,디에스(DS)컴퍼니,기타 외식,10,12,13,1,8.3,3,30,3년 연속 증가,2,1,
2179,히든에이스(Hidden Ace),(주)제이에스디컴퍼니,주점,,,13,,,,,이전 자료 없음,13,0,
2180,"죽집, 엄선",별하익스프레스(주),한식,,,13,,,,,이전 자료 없음,13,0,
2181,열혈분식,세지컴퍼니,분식,,13,13,0,0,,,유지,0,0,
2182,달빛경성맥주,(주)달빛경성맥주,주점,,,13,,,,,이전 자료 없음,13,0,
2183,모락국밥,(주)앤리치,한식,,,13,,,,,이전 자료 없음,16,3,
2184,THE 더 맛있는 과일&1L커피,(주)신아에프앤비,커피,25,20,13,-7,-35,-12,-48,3년 연속 감소,1,8,
2185,명동칼국수,(주)명동푸드,기타 외식,13,12,13,1,8.3,0,0,증가,2,1,
2186,셰프의돈까스,이든푸드그룹,기타 외식,,22,13,-9,-40.9,,,감소,0,9,
2187,스참,(주)푸디큐,분식,39,19,13,-6,-31.6,-26,-66.7,3년 연속 감소,0,6,
2188,고혼,(주)쓰리티에이치이,한식,,8,12,4,50,,,증가,4,0,1267904
2189,유생촌,(주)유생촌푸드,기타 외국식,8,9,12,3,33.3,4,50,3년 연속 증가,4,1,1131670
2190,스시투어,스시투어,일식,11,11,12,1,9.1,1,9.1,증가,2,1,1113858
2191,스시선 회전초밥 전문점,스시선가맹본부,일식,,,12,,,,,이전 자료 없음,2,1,884774
2192,빵쌤(BBANGSSAEM),(주)빵쌤플러스,제과제빵,10,10,12,2,20,2,20,증가,6,4,850553
2193,옛날경성순대국,(주)옛날경성,한식,,,12,,,,,이전 자료 없음,10,0,799199
2194,생어거스틴,(주)늘솜,기타 외국식,19,15,12,-3,-20,-7,-36.8,3년 연속 감소,1,4,774317
2195,분식을 품다,(주)품다,분식,,5,12,7,140,,,증가,9,2,740850
2196,선주가,(주)덩실덩실,주점,,2,12,10,500,,,증가,10,0,722915
2197,하동우렁추어탕,(주)동해에프디,한식,1,9,12,3,33.3,11,1100,3년 연속 증가,3,0,713116
2198,카츠공방,(주)이룸에프엔비,일식,,7,12,5,71.4,,,증가,5,0,620115
2199,서부청기와감자탕,서부청기와플랫폼,한식,,,12,,,,,이전 자료 없음,12,0,613851
2200,정광석항아리보쌈,더나은푸드,한식,10,11,12,1,9.1,2,20,3년 연속 증가,2,1,599594
2201,개수리막국수&amp;산골닭갈비,(주)명륜당,한식,,,12,,,,,이전 자료 없음,5,1,574613
2202,우림관화로구이,우림에프앤비,기타 외식,15,15,12,-3,-20,-3,-20,감소,0,3,559405
2203,이가네명인갈비살,㈜제이컴퍼니앤피플,한식,,1,12,11,1100,,,증가,11,0,530659
2204,허세김밥,허세김밥,분식,3,4,12,8,200,9,300,3년 연속 증가,8,0,519734
2205,퍼틴(phothin),(주)퍼틴코리아,기타 외국식,16,14,12,-2,-14.3,-4,-25,3년 연속 감소,1,3,496371
2206,산지해장국,(주)이성에프앤비,한식,8,10,12,2,20,4,50,3년 연속 증가,2,0,496235
2207,바베큐팩토리,(주)바베큐팩토리,기타 외식,,,12,,,,,이전 자료 없음,12,0,493358
2208,사생활,(주)화합과전진,서양식,7,12,12,0,0,5,71.4,유지,0,0,491497
2209,위험한 피자,위험한피자,피자,6,7,12,5,71.4,6,100,3년 연속 증가,7,2,480896
2210,상구네솥뚜껑삼겹살,(주)상구푸드,한식,,4,12,8,200,,,증가,10,2,475491
2211,고우,(주)사무라이글로벌,주점,7,12,12,0,0,5,71.4,유지,1,1,475139
2212,잠바주스,(주)빅바이트컴퍼니,음료 (커피 외),8,,12,,,4,50,증가(2년 비교),4,0,469599
2213,소곰집,(주)더함에프엔씨,한식,7,19,12,-7,-36.8,5,71.4,감소,0,7,464258
2214,하타네,㈜여러드림,일식,,4,12,8,200,,,증가,8,0,458806
2215,닭가대표,(주)비엠에프앤비,치킨,,10,12,2,20,,,증가,5,3,449707
2216,본좌김밥,(주)본좌,한식,2,7,12,5,71.4,10,500,3년 연속 증가,6,1,449489
2217,서가원김밥,(주)오색만찬,한식,10,11,12,1,9.1,2,20,3년 연속 증가,2,1,432307
2218,튀김장인,(주)호현에프앤비,치킨,,,12,,,,,이전 자료 없음,12,0,419888
2219,삼백집,(주)휴림,한식,18,14,12,-2,-14.3,-6,-33.3,3년 연속 감소,1,3,412435
2220,명성가,명성F&B,한식,2,3,12,9,300,10,500,3년 연속 증가,9,0,405613
2221,칠칠켄터키,(주)니즈,치킨,,,12,,,,,이전 자료 없음,0,2,404926
2222,이런이궈,이런이궈,중식,5,10,12,2,20,7,140,3년 연속 증가,3,1,399527
2223,착한쭝식,서가김푸드FC,중식,38,19,12,-7,-36.8,-26,-68.4,3년 연속 감소,1,8,398638
2224,통닭연구소,(주)에스엔푸드,치킨,,15,12,-3,-20,,,감소,0,3,390532
2225,봉급날,(주)봉급날푸드,한식,,,12,,,,,이전 자료 없음,12,0,363164
2226,낭만낙곱새,(주)낭만에프앤비,한식,,14,12,-2,-14.3,,,감소,5,7,344702
2227,변동춘 명동칼국수,(주)더드림,한식,,7,12,5,71.4,,,증가,6,1,341727
2228,치킨파머스,금화식품(주),치킨,4,12,12,0,0,8,200,유지,6,6,330919
2229,푸릴리,(주)계경원,기타 외식,11,8,12,4,50,1,9.1,증가,4,0,326497
2230,엘리펀트피자 (ELEPHANT PIZZA),(주)엘리펀트에프앤비,피자,23,17,12,-5,-29.4,-11,-47.8,3년 연속 감소,0,5,307043
2231,뚝방닭구이,(주)스탠드업에프앤비,치킨,9,19,12,-7,-36.8,3,33.3,감소,0,7,304395
2232,그레이핍플커피,(주)그레이핍플,커피,,7,12,5,71.4,,,증가,6,1,294455
2233,안성깍뚜기,(주)푸름에프엔비,한식,20,11,12,1,9.1,-8,-40,증가,2,1,284692
2234,반지하,(주)반지하에프엔비,한식,,3,12,9,300,,,증가,9,0,280236
2235,유부부,도담,분식,10,14,12,-2,-14.3,2,20,감소,1,3,272871
2236,펍피맥,(주)씨엔에프알티에스,기타 외식,8,11,12,1,9.1,4,50,3년 연속 증가,3,2,265869
2237,오술차,(주)파이브에이치,한식,,17,12,-5,-29.4,,,감소,1,6,262465
2238,남매컵밥,(주)충경에프앤비,분식,11,11,12,1,9.1,1,9.1,증가,4,3,259747
2239,더족발,더족발,기타 외식,,13,12,-1,-7.7,,,감소,0,1,257541
2240,더맨타코,더맨타코본사,서양식,8,,12,,,4,50,증가(2년 비교),1,2,256859
2241,초신당한우곱도리탕,(주)오르다에프앤비,한식,,,12,,,,,이전 자료 없음,12,0,256319
2242,COFFEE ROMAN(커피로만),커피로만,커피,,,12,,,,,이전 자료 없음,12,0,255625
2243,용가마순대,대경식품,한식,17,14,12,-2,-14.3,-5,-29.4,3년 연속 감소,0,2,255435
2244,코젤다크하우스(KOZELDARKHAUS),(주)케이디코리아,주점,15,13,12,-1,-7.7,-3,-20,3년 연속 감소,0,1,255181
2245,풍년제과,(주)강동오케익,제과제빵,16,13,12,-1,-7.7,-4,-25,3년 연속 감소,2,3,247032
2246,크레이지빙수,(주)브랜드라이브코리아,기타 외식,1,4,12,8,200,11,1100,3년 연속 증가,8,0,244667
2247,라이스쉐프,(주)이쉐프코리아,분식,15,13,12,-1,-7.7,-3,-20,3년 연속 감소,0,1,241911
2248,할멈탕수육,할멈탕수육,분식,6,12,12,0,0,6,100,유지,1,1,239124
2249,스낵얌,(주)디온코리아,분식,,6,12,6,100,,,증가,7,1,220940
2250,TOP LITER,(주)탑컴퍼니,커피,8,11,12,1,9.1,4,50,3년 연속 증가,1,0,206808
2251,대관령양푼이동태찌개,대관령푸드,한식,16,14,12,-2,-14.3,-4,-25,3년 연속 감소,0,2,202965
2252,은신처,(주)웨일시티,일식,4,13,12,-1,-7.7,8,200,감소,2,3,198038
2253,모던한식당,루트873,한식,23,,12,,,-11,-47.8,감소(2년 비교),0,7,196996
2254,배말칼국수김밥,배말칼국수김밥본점,분식,9,11,12,1,9.1,3,33.3,3년 연속 증가,2,1,191374
2255,오늘도닭갈비,컬쳐디엔에프,한식,1,6,12,6,100,11,1100,3년 연속 증가,6,0,185837
2256,피치타임,(주)엘에이치지,치킨,3,11,12,1,9.1,9,300,3년 연속 증가,5,4,175011
2257,호봉토스트,(주)호봉푸드시스템,패스트푸드,25,18,12,-6,-33.3,-13,-52,3년 연속 감소,2,8,170689
2258,타코파파,타코파파컴퍼니,일식,14,17,12,-5,-29.4,-2,-14.3,감소,6,11,160530
2259,바게뜨양,바게뜨양동의대점,패스트푸드,3,8,12,4,50,9,300,3년 연속 증가,4,0,155818
2260,동적깡통구이,(주)아름드리원,한식,8,,12,,,4,50,증가(2년 비교),3,0,155045
2261,카페 우드진,(주)스테디웨이브,커피,6,11,12,1,9.1,6,100,3년 연속 증가,3,2,154717
2262,즉석국물떡볶이 달쫀,달쫀,분식,13,13,12,-1,-7.7,-1,-7.7,감소,2,3,137325
2263,천안당 호두과자,(주)하나유통,제과제빵,3,13,12,-1,-7.7,9,300,감소,0,1,131765
2264,논골집,정준유통,한식,,13,12,-1,-7.7,,,감소,1,2,129470
2265,보노보노웍,보노푸드,한식,9,11,12,1,9.1,3,33.3,3년 연속 증가,3,2,128476
2266,툴스돈카츠,툴스돈카츠,기타 외식,41,,12,,,-29,-70.7,감소(2년 비교),1,9,126080
2267,샌드베이,(주)국민키친,패스트푸드,18,17,12,-5,-29.4,-6,-33.3,3년 연속 감소,0,5,107210
2268,치킨히어로,(주)티오엘드림,치킨,,15,12,-3,-20,,,감소,2,5,105905
2269,생극해장국,(주)에스컴퍼니,한식,10,12,12,0,0,2,20,유지,1,1,104097
2270,모구모구과자점,모구모구(F&B),제과제빵,17,15,12,-3,-20,-5,-29.4,3년 연속 감소,0,3,100585
2271,PRESENT(프레전트),㈜프레전트,커피,,6,12,6,100,,,증가,6,0,89236
2272,올마이티키친,올마이티키친㈜,치킨,6,6,12,6,100,6,100,증가,14,8,86231
2273,호수꼬치,(주)호수코리아,한식,26,18,12,-6,-33.3,-14,-53.8,3년 연속 감소,0,6,83195
2274,그린스미스,(주)국민키친,기타 외식,9,11,12,1,9.1,3,33.3,3년 연속 증가,2,1,82499
2275,울타리없는만두집,제이앤푸드,한식,15,12,12,0,0,-3,-20,유지,0,0,77416
2276,분식이더치킨,(주)BTK,분식,26,19,12,-7,-36.8,-14,-53.8,3년 연속 감소,0,7,68427
2277,통통회,(주)큐알컴퍼니,기타 외식,34,24,12,-12,-50,-22,-64.7,3년 연속 감소,0,12,67047
2278,불야시불닭발,비와이에스푸드(BYSFOOD),한식,4,,12,,,8,200,증가(2년 비교),8,3,58976
2279,국밥의 대가,(주)미래원에프앤씨,한식,,,12,,,,,이전 자료 없음,12,0,57185
2280,밀면서생,(주)비본코리아,한식,,,12,,,,,이전 자료 없음,14,2,38149
2281,조선호랑이냉면,DKFOOD,기타 외식,,,12,,,,,이전 자료 없음,17,10,34710
2282,와따그램,파스타흔,한식,3,21,12,-9,-42.9,9,300,감소,2,12,23900
2283,양가네 명품갈비찜,(주)와이디에프앤비(F&B),한식,,15,12,-3,-20,,,감소,0,3,10816
2284,스위트99,(주)느리게걷기,기타 외식,,14,12,-2,-14.3,,,감소,3,5,3218
2285,장우옥,(주)쌈촌패밀리,한식,,,12,,,,,이전 자료 없음,12,0,
2286,수영냉삼,(주)엔케이푸드,한식,,,12,,,,,이전 자료 없음,12,0,
2287,김치찜맛있찜,(주)시샘,한식,,,12,,,,,이전 자료 없음,12,0,
2288,한끼삼계탕,(주)두빛나래에프씨,한식,23,19,12,-7,-36.8,-11,-47.8,3년 연속 감소,1,8,
2289,고감통숯불구이&찜닭,(주)최가네토탈푸드,한식,16,12,12,0,0,-4,-25,유지,0,0,
2290,무등소갈비,(주)킴스브라더스,한식,,,12,,,,,이전 자료 없음,12,0,
2291,브뤼셀프라이,(주)브뤼셀프라이,기타 외국식,,,12,,,,,이전 자료 없음,12,0,
2292,케이콜라보김밥·떡볶이,(주)푸드로어,분식,,,12,,,,,이전 자료 없음,0,6,
2293,한성막횟집,한성횟집,기타 외식,9,10,12,2,20,3,33.3,3년 연속 증가,3,1,
2294,백년회관서서갈비,(주)다이노에프에스,기타 외식,21,,12,,,-9,-42.9,감소(2년 비교),0,8,
2295,신예원닭강정,예원푸드,치킨,11,11,12,1,9.1,1,9.1,증가,3,2,
2296,방가삼대 얼큰한뼈해장국,(주)방가삼대,한식,7,8,11,3,37.5,4,57.1,3년 연속 증가,6,3,41174356
2297,룸의정석,(주)한경기획,주점,5,12,11,-1,-8.3,6,120,감소,1,2,1912091
2298,갈비만,찰만식품,한식,10,10,11,1,10,1,10,증가,1,0,1682301
2299,사랑각,(주)사랑에프앤씨,주점,5,11,11,0,0,6,120,유지,1,1,1393230
2300,소소한숯불갈비,(주)소소한,한식,,,11,,,,,이전 자료 없음,11,0,1202135
2301,서울깍두기,(주)서울깍두기,한식,5,8,11,3,37.5,6,120,3년 연속 증가,3,0,1140957
2302,타키,(주)온기에프앤비,일식,,,11,,,,,이전 자료 없음,11,0,952541
2303,준삼겹프리미엄돈육,준삼겹,한식,,6,11,5,83.3,,,증가,6,1,950220
2304,돼지만,찰만식품,한식,11,12,11,-1,-8.3,0,0,감소,0,1,873869
2305,뽁식당,(주)열정,서양식,8,6,11,5,83.3,3,37.5,증가,5,0,805002
2306,대손관,(주)대대손손,분식,9,10,11,1,10,2,22.2,3년 연속 증가,1,0,794090
2307,마포고깃간,(주)엘엠에스에프앤비,한식,,,11,,,,,이전 자료 없음,11,0,786157
2308,고짚,(주)내안,한식,4,7,11,4,57.1,7,175,3년 연속 증가,4,0,747329
2309,종착역,(주)그릿,한식,,8,11,3,37.5,,,증가,5,2,741144
2310,온육집,(주)포용에프앤비,한식,,,11,,,,,이전 자료 없음,11,0,725126
2311,사월에보리밥과쭈꾸미,(주)청가람,한식,,7,11,4,57.1,,,증가,4,0,671686
2312,카츠와이찌,카츠와이찌,일식,,,11,,,,,이전 자료 없음,6,0,669455
2313,김경자소문난대구왕뽈찜,해듬(주),한식,14,14,11,-3,-21.4,-3,-21.4,감소,0,3,664700
2314,맨날국수,(주)맨날에프엔비,한식,2,2,11,9,450,9,450,증가,10,1,622247
2315,벽돌곱창,(주)더블앤코퍼레이션,한식,,,11,,,,,이전 자료 없음,11,0,621484
2316,남포동 직화 쭈꾸미,(주)이엔지스토리,한식,12,12,11,-1,-8.3,-1,-8.3,감소,0,1,602269
2317,소이연남,(주)타이이펙트,기타 외국식,4,9,11,2,22.2,7,175,3년 연속 증가,3,1,574008
2318,칠프로칠백식당,(주)홍원에프앤비,기타 외식,23,19,11,-8,-42.1,-12,-52.2,3년 연속 감소,0,8,561854
2319,댓짱돈까스,(주)댓짱돈까스,한식,11,10,11,1,10,0,0,증가,1,0,560960
2320,에이셉피자,(주)에이셉랩,피자,12,10,11,1,10,-1,-8.3,증가,3,2,532216
2321,미친고기,미친고기,기타 외식,11,11,11,0,0,0,0,유지,0,0,531959
2322,무쏘,(주)유엔아이에프씨,한식,24,19,11,-8,-42.1,-13,-54.2,3년 연속 감소,0,8,520937
2323,고기반햄반김치찌개,(주)반반한에프앤비,한식,13,15,11,-4,-26.7,-2,-15.4,감소,0,4,496912
2324,파스타어때,(주)어때,서양식,,17,11,-6,-35.3,,,감소,0,6,430027
2325,김치도가,(주)제이더블유,한식,11,11,11,0,0,0,0,유지,3,3,428842
2326,숨쉬는 순두부,(주)에스앤에스숨,한식,9,9,11,2,22.2,2,22.2,증가,2,0,419004
2327,언노운피자[UNKNOWN PIZZA],(주)언노운프렌즈,피자,,5,11,6,120,,,증가,7,1,415447
2328,국밥엔,정이담,한식,,,11,,,,,이전 자료 없음,11,0,415258
2329,보끔당,(주)핫시즈너,한식,,,11,,,,,이전 자료 없음,11,0,412254
2330,테루,(주)이랜드이츠,일식,12,11,11,0,0,-1,-8.3,유지,1,1,411062
2331,박지혜모던순대국&소머리국밥,㈜제이에이치푸드(J·HFood),한식,,7,11,4,57.1,,,증가,4,0,407862
2332,마포곱창,(주)지앤푸드,한식,,13,11,-2,-15.4,,,감소,0,2,391431
2333,돼슐랭,(주)덩실덩실,한식,,10,11,1,10,,,증가,2,1,370630
2334,수육국밥.보쌈전문점 더참맛수육국밥앤보쌈,(주)더참맛푸드,한식,17,17,11,-6,-35.3,-6,-35.3,감소,0,6,370559
2335,대세박목살,토리고야패밀리(주),한식,6,9,11,2,22.2,5,83.3,3년 연속 증가,2,0,367844
2336,원조김할머니의령소바,(주)광개토에프에스,기타 외식,12,13,11,-2,-15.4,-1,-8.3,감소,0,2,367684
2337,돈까스 BROS,브로스에프앤비,서양식,,8,11,3,37.5,,,증가,4,1,348211
2338,스테이크어스,(주)이랜드이츠,기타 외국식,13,13,11,-2,-15.4,-2,-15.4,감소,0,2,347352
2339,오늘도 사시미,오늘도,일식,,,11,,,,,이전 자료 없음,11,0,336000
2340,픽피그 허브삼겹,한점푸드,한식,,,11,,,,,이전 자료 없음,7,0,326735
2341,롱타임노씨,(주)엘티피에프앤씨,주점,,17,11,-6,-35.3,,,감소,0,6,324846
2342,돈짝,(주)노연,한식,22,19,11,-8,-42.1,-11,-50,3년 연속 감소,1,9,323909
2343,밀탑(MEALTOP),(주)씨케이리테일,아이스크림/빙수,10,12,11,-1,-8.3,1,10,감소,3,4,319012
2344,오크레페(OH!CREPE),보서에프앤비(F&B),커피,,,11,,,,,이전 자료 없음,11,0,309304
2345,구이가,(주)가업에프씨,기타 외식,13,12,11,-1,-8.3,-2,-15.4,3년 연속 감소,0,1,299927
2346,153포인츠(POINTZ),(주)에스엔알푸드,한식,7,8,11,3,37.5,4,57.1,3년 연속 증가,3,0,294533
2347,경성밥상,(주)청년부엌,한식,11,17,11,-6,-35.3,0,0,감소,1,7,279083
2348,브알라,(주)브알라,아이스크림/빙수,16,10,11,1,10,-5,-31.2,증가,3,2,274290
2349,보울스(BOWLS),보스몰,기타 외식,,5,11,6,120,,,증가,7,1,273960
2350,김삿갓통닭,(주)공감,치킨,13,12,11,-1,-8.3,-2,-15.4,3년 연속 감소,0,1,268252
2351,THE PIZZA(더피자),신스패밀리,피자,8,17,11,-6,-35.3,3,37.5,감소,1,7,265609
2352,블랙국밥,(주)괴짜푸드컴퍼니,한식,,,11,,,,,이전 자료 없음,11,0,264162
2353,피자런,피자런,피자,26,15,11,-4,-26.7,-15,-57.7,3년 연속 감소,1,5,263615
2354,우짱베기,(주)식도락연구소,한식,2,8,11,3,37.5,9,450,3년 연속 증가,3,0,260429
2355,손오공마라탕,(주)손오공마라탕,중식,11,11,11,0,0,0,0,유지,1,2,259846
2356,프롬하츠(FROM HEARTS),(주)프롬하츠,커피,13,13,11,-2,-15.4,-2,-15.4,감소,0,2,256196
2357,모찌이야기,아론29(주),기타 외식,12,11,11,0,0,-1,-8.3,유지,0,0,254642
2358,비비닭강정,비비닭강정,치킨,,5,11,6,120,,,증가,8,2,248422
2359,마선생얼큰국밥,(주)올림엔터프라이즈,한식,1,5,11,6,120,10,1000,3년 연속 증가,6,0,248306
2360,포르피노,(유)피피비아이앤씨,제과제빵,,10,11,1,10,,,증가,6,5,245432
2361,대한민국 명장이 만든 명장·온,(주)조은사람들,한식,,,11,,,,,이전 자료 없음,1,1,242587
2362,미스터불닭발,401푸드,한식,,,11,,,,,이전 자료 없음,6,3,236260
2363,파스타부오노바,원푸드,서양식,19,15,11,-4,-26.7,-8,-42.1,3년 연속 감소,0,4,236201
2364,욤카페,욤씨에프(주),커피,12,,11,,,-1,-8.3,감소(2년 비교),1,5,231388
2365,통돼지두루치기 한돈돈돈,(주)에스엠푸드,기타 외식,11,11,11,0,0,0,0,유지,0,0,229575
2366,천서방김밥,천푸드컴퍼니,분식,,,11,,,,,이전 자료 없음,5,0,213508
2367,맛있게매운(빨석구)빨간석쇠구이,장인푸드,치킨,,,11,,,,,이전 자료 없음,0,0,207810
2368,소바애,㈜고방,분식,,21,11,-10,-47.6,,,감소,0,10,205292
2369,땡큐꼬마김밥,(주)해오름에프앤비,분식,17,15,11,-4,-26.7,-6,-35.3,3년 연속 감소,0,4,204607
2370,소백양,(주)에스앤비,기타 외국식,17,,11,,,-6,-35.3,감소(2년 비교),0,5,199091
2371,페이브(fave),(주)지에프앤비,음료 (커피 외),15,17,11,-6,-35.3,-4,-26.7,감소,1,7,197705
2372,큰손1치킨2피자,(주)큰손에프씨,치킨,9,14,11,-3,-21.4,2,22.2,감소,2,5,195582
2373,오늘닭강정,(주)로희,치킨,7,11,11,0,0,4,57.1,유지,0,0,195295
2374,남자피자,(주)가치엔제이,피자,14,13,11,-2,-15.4,-3,-21.4,3년 연속 감소,1,3,193330
2375,백번가코다리,백번가코다리,한식,,5,11,6,120,,,증가,6,0,190867
2376,연어집,연어집(SalmonHouse),일식,11,11,11,0,0,0,0,유지,0,0,189700
2377,더썬치킨,지오디,치킨,12,10,11,1,10,-1,-8.3,증가,1,0,184827
2378,피자 피크(Pizza Peak),(주)바로쿡,피자,11,14,11,-3,-21.4,0,0,감소,0,3,172927
2379,커피나무,(주)피앤파트너스,커피,,16,11,-5,-31.2,,,감소,0,5,172595
2380,부뚜막치킨,(주)케이더블유프랜차이즈,치킨,10,,11,,,1,10,증가(2년 비교),1,0,170185
2381,치킨퐁,(주)비어프랜드,치킨,12,11,11,0,0,-1,-8.3,유지,0,0,168268
2382,불불이족발,(주)홀딩핸즈앤코,기타 외식,17,12,11,-1,-8.3,-6,-35.3,3년 연속 감소,0,1,164007
2383,피자헤븐,(주)피자헤븐코리아,피자,40,16,11,-5,-31.2,-29,-72.5,3년 연속 감소,0,5,158325
2384,One&Two깻잎두마리치킨,흥성에프디,치킨,24,17,11,-6,-35.3,-13,-54.2,3년 연속 감소,0,6,155579
2385,P휴게소입니다,휴게소입니다,커피,,,11,,,,,이전 자료 없음,11,0,152841
2386,암파스타레,(주)바로온,기타 외식,13,18,11,-7,-38.9,-2,-15.4,감소,5,12,150975
2387,조선아구찜,(주)조선씨푸드,한식,10,10,11,1,10,1,10,증가,2,1,146310
2388,후라이드바삭킹,도움,치킨,14,12,11,-1,-8.3,-3,-21.4,3년 연속 감소,2,3,145685
2389,엑스엑스 커피메이커,(주)엑스엑스,커피,5,10,11,1,10,6,120,3년 연속 증가,3,2,141379
2390,테이큰커피,(주)테이큰커피,커피,,6,11,5,83.3,,,증가,5,0,138832
2391,87닭강정,팔칠(87')닭강정,치킨,,10,11,1,10,,,증가,3,2,134825
2392,일리카페(illy Caffe),(주)큐로에프앤비,커피,22,14,11,-3,-21.4,-11,-50,3년 연속 감소,0,3,131053
2393,호두앤미,(주)호두앤,제과제빵,17,19,11,-8,-42.1,-6,-35.3,감소,1,9,125094
2394,맛자랑떡볶이,맛자랑F&B,분식,,13,11,-2,-15.4,,,감소,0,2,111636
2395,가유카페,가유카페,음료 (커피 외),18,17,11,-6,-35.3,-7,-38.9,3년 연속 감소,0,6,100490
2396,위너스커피,위너스커피,커피,8,10,11,1,10,3,37.5,3년 연속 증가,1,0,84705
2397,문어의 꿈,문어의꿈,기타 외식,,,11,,,,,이전 자료 없음,11,0,76186
2398,신HOT화로닭발,(주)이야기,한식,21,13,11,-2,-15.4,-10,-47.6,3년 연속 감소,1,3,75918
2399,호기심에훔친뒷고기,더블에프엔비(주),한식,,15,11,-4,-26.7,,,감소,0,4,75119
2400,이십센치,(주)위니파이브,커피,43,29,11,-18,-62.1,-32,-74.4,3년 연속 감소,1,19,70264
2401,넉넉한샐러드앤커피,(주)빌드업메이트,기타 외식,1,5,11,6,120,10,1000,3년 연속 증가,8,2,58729
2402,샤이바나,(주)태그린,서양식,41,23,11,-12,-52.2,-30,-73.2,3년 연속 감소,0,12,46941
2403,명작파스타,(주)테이블코드,서양식,12,15,11,-4,-26.7,-1,-8.3,감소,4,8,34099
2404,해장쿡,(주)지씨컴퍼니글로벌,한식,30,28,11,-17,-60.7,-19,-63.3,3년 연속 감소,2,19,33145
2405,1인용인생김치찜,모든(MODEN),한식,13,13,11,-2,-15.4,-2,-15.4,감소,2,4,22950
2406,양가네고기듬뿍김치찜,(주)와이디에프앤비(F&B),한식,31,28,11,-17,-60.7,-20,-64.5,3년 연속 감소,0,17,13818
2407,한식끝판왕,(주)와이디에프앤비(F&B),한식,,20,11,-9,-45,,,감소,0,9,5392
2408,김태용 명불허전평상집,(주)평상집,한식,3,7,11,4,57.1,8,266.7,3년 연속 증가,4,0,
2409,무한육채미,(주)바른푸드,한식,,,11,,,,,이전 자료 없음,11,0,
2410,쭈꾸미한판,(주)트러스트,한식,24,21,11,-10,-47.6,-13,-54.2,3년 연속 감소,0,10,
2411,서울깍두기,케이제이푸드(주),한식,10,10,11,1,10,1,10,증가,2,1,
2412,성윤국가대표아구찜앤알곤이찜,픽마인,한식,18,11,11,0,0,-7,-38.9,유지,0,0,
2413,국민우유집,(주)국민앤컴퍼니,커피,,,11,,,,,이전 자료 없음,11,0,
2414,폼드팡(POMMEDE PIN),㈜엘와이에스씨,제과제빵,11,,11,,,0,0,유지(2년 비교),0,0,
2415,피자써클,피자써클,피자,10,10,11,1,10,1,10,증가,4,3,
2416,gre P&T,(주)지알이위더스,분식,26,17,11,-6,-35.3,-15,-57.7,3년 연속 감소,0,6,
2417,도시피자(CITY PIZZA),(주)도시픽,피자,16,13,11,-2,-15.4,-5,-31.2,3년 연속 감소,1,3,
2418,프렌치 쪽갈비,(주)케이제이푸드시스템,한식,,5,11,6,120,,,증가,6,0,
2419,동경생포차,밸류인터랙티브(주),주점,,,11,,,,,이전 자료 없음,11,0,
2420,모박사 부대찌개,모박사본점,한식,18,,11,,,-7,-38.9,감소(2년 비교),0,6,
2421,옐로우캔,(주)베르도앤푸드,커피,,,11,,,,,이전 자료 없음,11,0,
2422,먹보한우,(주)먹보에프앤비,한식,9,,10,,,1,11.1,증가(2년 비교),0,0,2182588
2423,한식의품격,깃든컴퍼니,한식,,12,10,-2,-16.7,,,감소,3,5,1630000
2424,밤새먹소,(주)다자레코리아,한식,8,,10,,,2,25,증가(2년 비교),3,0,1447260
2425,예술피자,(주)예술피자,피자,,,10,,,,,이전 자료 없음,10,0,1090433
2426,프랑제리,(주)이랜드이츠,제과제빵,7,12,10,-2,-16.7,3,42.9,감소,0,2,1062988
2427,토끼정,(주)에스앤에스코퍼레이션,일식,16,14,10,-4,-28.6,-6,-37.5,3년 연속 감소,0,4,1026767
2428,진명인면옥,(유)명인푸드,한식,8,9,10,1,11.1,2,25,3년 연속 증가,0,0,776925
2429,올드페리도넛,(주)올드페리도넛,제과제빵,3,6,10,4,66.7,7,233.3,3년 연속 증가,4,1,771178
2430,제로밥상,제로에프앤비(주),한식,,,10,,,,,이전 자료 없음,10,0,747008
2431,레몬그라스 타이,(주)세연에프엔씨,기타 외국식,3,7,10,3,42.9,7,233.3,3년 연속 증가,4,1,739258
2432,설반,(주)설반에프앤씨,한식,,4,10,6,150,,,증가,6,0,717546
2433,면장수,(주)장수에프앤비,한식,,6,10,4,66.7,,,증가,4,0,713679
2434,한와담소반,(주)엘아이지홈앤밀,한식,,13,10,-3,-23.1,,,감소,0,3,668507
2435,낭만장사꾼,낭만장사꾼,서양식,,11,10,-1,-9.1,,,감소,0,1,657532
2436,마스타 하이볼,(주)랜돌프,주점,,,10,,,,,이전 자료 없음,10,0,657397
2437,설담재,홈메이드푸드,한식,,9,10,1,11.1,,,증가,3,2,646632
2438,한옥집김치찜,(주)한옥집에이치큐,한식,12,10,10,0,0,-2,-16.7,유지,0,0,636699
2439,정동,정동,일식,,5,10,5,100,,,증가,5,0,628742
2440,탐라담,(주)인크릭스,한식,1,6,10,4,66.7,9,900,3년 연속 증가,5,1,599003
2441,또보겠지떡볶이집,(주)행복만석,분식,,10,10,0,0,,,유지,0,0,591828
2442,담락참치일잔,(주)담락,기타 외식,16,13,10,-3,-23.1,-6,-37.5,3년 연속 감소,0,3,588722
2443,카쿠레가,(주)맛부심에프엔비,기타 외국식,,9,10,1,11.1,,,증가,2,1,587007
2444,역대짬뽕,쥬뗌에프엔비,중식,9,12,10,-2,-16.7,1,11.1,감소,1,3,585247
2445,진심돈,심돈,한식,,8,10,2,25,,,증가,2,0,556102
2446,동양솥밥,(주)우리이길,한식,,,10,,,,,이전 자료 없음,10,1,550382
2447,김치옥,(주)김치옥,한식,,6,10,4,66.7,,,증가,7,3,542333
2448,완백부대찌개,씨엘카이로스(주),기타 외식,12,11,10,-1,-9.1,-2,-16.7,3년 연속 감소,0,1,539337
2449,월남면반,(주)동행에프앤비코리아,기타 외국식,2,7,10,3,42.9,8,400,3년 연속 증가,3,0,529115
2450,고기혁명,고기혁명,한식,,20,10,-10,-50,,,감소,0,10,516880
2451,거송갈비찜,(주)케이지컴퍼니,한식,9,10,10,0,0,1,11.1,유지,2,2,513387
2452,오일내,(유)오형제식자재마트,한식,,,10,,,,,이전 자료 없음,5,0,505509
2453,샤브테이,(주)크롬스푼,한식,2,5,10,5,100,8,400,3년 연속 증가,5,0,493388
2454,방배김밥,(주)이쉐프코리아,분식,3,7,10,3,42.9,7,233.3,3년 연속 증가,3,0,482137
2455,대림국수,(주)에이알피그룹,분식,14,21,10,-11,-52.4,-4,-28.6,감소,2,11,451549
2456,일행,㈜본연에프앤비,한식,,6,10,4,66.7,,,증가,4,0,451176
2457,군산오징어&군오부대찌개,(주)군오,한식,,,10,,,,,이전 자료 없음,2,5,451020
2458,고기는 모름지기 연탄구이,제이에스(JS)대원식품,한식,10,12,10,-2,-16.7,0,0,감소,0,2,424042
2459,국밥장인,(주)이와이엠컴퍼니,한식,,,10,,,,,이전 자료 없음,10,0,415213
2460,마차이짬뽕,(주)세모담에프앤비,중식,1,7,10,3,42.9,9,900,3년 연속 증가,4,1,414706
2461,홍호아,(주)퍼스타,기타 외국식,4,6,10,4,66.7,6,150,3년 연속 증가,4,0,412142
2462,따봉시래기,따봉시래기,한식,3,4,10,6,150,7,233.3,3년 연속 증가,6,0,411140
2463,박대박 왕소금구이,정도에프앤비,한식,,,10,,,,,이전 자료 없음,10,0,410848
2464,단골손님,(주)단골손님,주점,23,26,10,-16,-61.5,-13,-56.5,감소,0,4,410199
2465,빽돈,(주)슈퍼리어푸드,한식,,8,10,2,25,,,증가,3,1,409724
2466,돼지대첩,(주)펀앤아이,한식,12,11,10,-1,-9.1,-2,-16.7,3년 연속 감소,2,3,405920
2467,슈퍼막회,슈퍼막회,한식,2,4,10,6,150,8,400,3년 연속 증가,6,0,405649
2468,텐진야끼니꾸,텐진야끼니꾸,일식,,,10,,,,,이전 자료 없음,11,1,405041
2469,명객양꼬치,명객,중식,,7,10,3,42.9,,,증가,7,4,402766
2470,진고집동해동태탕&코다리조림,(주)진고집,한식,6,9,10,1,11.1,4,66.7,3년 연속 증가,1,0,400643
2471,서민족발&해물뚝배기,서민족발,한식,,,10,,,,,이전 자료 없음,3,2,389332
2472,소보양본가,(주)올바른나무,한식,6,8,10,2,25,4,66.7,3년 연속 증가,2,0,387246
2473,정성육회,(주)맛남컴퍼니,한식,13,10,10,0,0,-3,-23.1,유지,1,1,385556
2474,쭉심,(주)송상트레이딩,기타 외식,9,10,10,0,0,1,11.1,유지,0,0,383300
2475,사운즈커피미니(SOUNDSCOFFEE mini),㈜남다른생각,커피,,1,10,9,900,,,증가,9,0,378778
2476,토리비,(주)바램,주점,,,10,,,,,이전 자료 없음,12,2,360051
2477,뚱보아저씨 수제돈가스,(주)대돈,분식,4,8,10,2,25,6,150,3년 연속 증가,3,1,358403
2478,스구식탁,스구식탁,일식,5,8,10,2,25,5,100,3년 연속 증가,3,1,349859
2479,도도랑,(유)도도랑,한식,8,10,10,0,0,2,25,유지,1,1,349269
2480,두울원,두울원,한식,10,11,10,-1,-9.1,0,0,감소,0,0,347270
2481,1990 아구찜,(주)오리지날스푼,한식,17,14,10,-4,-28.6,-7,-41.2,3년 연속 감소,0,4,347197
2482,쭈꾸미본색,(주)단꿈,한식,15,,10,,,-5,-33.3,감소(2년 비교),1,0,345472
2483,김사부아구찜,김사부에프앤비,한식,1,8,10,2,25,9,900,3년 연속 증가,4,2,345464
2484,설레족발,(주)설렘푸드,한식,,10,10,0,0,,,유지,0,0,335594
2485,하수련주왕선삼계탕,주왕산삼계탕부산경남본부,한식,,10,10,0,0,,,유지,0,0,331470
2486,멘야하나비,지엘피앤피(주),일식,5,13,10,-3,-23.1,5,100,감소,5,8,320456
2487,최대패,(주)최대패,기타 외식,11,10,10,0,0,-1,-9.1,유지,0,0,319943
2488,카페아이엠티,(주)편안,커피,15,11,10,-1,-9.1,-5,-33.3,3년 연속 감소,1,2,313766
2489,펄스맥커피,(주)펄맨,기타 외식,8,,10,,,2,25,증가(2년 비교),2,1,312246
2490,에스엘비(SLB),(주)시크릿케이,서양식,10,11,10,-1,-9.1,0,0,감소,2,3,311349
2491,진미면막국수,(주)교연,분식,,,10,,,,,이전 자료 없음,1,0,310100
2492,샐러드바스켓(Salad BASKET),(주)샐러드바스켓,기타 외국식,9,13,10,-3,-23.1,1,11.1,감소,2,5,309832
2493,삼훈국민생아구찜,(주)백경푸드시스템,한식,11,11,10,-1,-9.1,-1,-9.1,감소,0,1,307291
2494,서래왕차돌,(주)서래식구들,한식,21,15,10,-5,-33.3,-11,-52.4,3년 연속 감소,0,5,301452
2495,사랑관,㈜위에이블업,주점,30,22,10,-12,-54.5,-20,-66.7,3년 연속 감소,1,13,299196
2496,부산면관,(주)칠곡에프앤비,분식,16,13,10,-3,-23.1,-6,-37.5,3년 연속 감소,0,3,298538
2497,경성주막1929,피에스피에프앤디(주),주점,34,17,10,-7,-41.2,-24,-70.6,3년 연속 감소,0,7,297591
2498,육값어치,물정F&B,한식,,13,10,-3,-23.1,,,감소,0,3,295654
2499,올드몬트베이글,올드몬트,제과제빵,,,10,,,,,이전 자료 없음,10,0,294501
2500,돌火격 닭강정,돌화(火)격,한식,,2,10,8,400,,,증가,8,0,292295
2501,선비칼국수,(주)지지씨,한식,,4,10,6,150,,,증가,6,0,283822
2502,진강정,진강정,치킨,9,14,10,-4,-28.6,1,11.1,감소,0,4,281696
2503,투게더피치,(주)엘피케이컴퍼니,기타 외식,,3,10,7,233.3,,,증가,8,1,278814
2504,미미카츠,미미카츠,일식,2,12,10,-2,-16.7,8,400,감소,0,2,274014
2505,콩두,(주)참조은에프씨,한식,14,12,10,-2,-16.7,-4,-28.6,3년 연속 감소,0,2,273400
2506,쪽신치왕 쪽갈비,솜담채,한식,7,,10,,,3,42.9,증가(2년 비교),3,0,263458
2507,창화당,(주)더씨앤디,기타 외식,15,14,10,-4,-28.6,-5,-33.3,3년 연속 감소,0,4,260202
2508,토정삼계탕,(주)우리모메,한식,13,12,10,-2,-16.7,-3,-23.1,3년 연속 감소,1,3,255035
2509,카모메,(주)다농식품,일식,13,12,10,-2,-16.7,-3,-23.1,3년 연속 감소,1,3,247582
2510,모모유부,모모유부홍대,한식,2,8,10,2,25,8,400,3년 연속 증가,6,4,246499
2511,샐러링(Salaring),(주)테그글로벌,기타 외식,,4,10,6,150,,,증가,6,0,246243
2512,탑브릭스 (TOP BRIX),탑브릭스(TOPBRIX),음료 (커피 외),20,13,10,-3,-23.1,-10,-50,3년 연속 감소,3,6,245177
2513,에센스커피,(주)에센스커피,커피,,11,10,-1,-9.1,,,감소,0,1,243923
2514,인생냉면,인생냉면,한식,,7,10,3,42.9,,,증가,3,0,243563
2515,빨간토마토피자,빨간토마토피자(나주혁신점),피자,11,10,10,0,0,-1,-9.1,유지,0,0,241368
2516,빵사부식빵공방,(주)푸른공식,제과제빵,17,10,10,0,0,-7,-41.2,유지,0,0,239260
2517,만권화밥,(주)대현에프앤디,한식,16,12,10,-2,-16.7,-6,-37.5,3년 연속 감소,3,5,229659
2518,떡밀밀,(주)프랜차이즈벤처,분식,,6,10,4,66.7,,,증가,5,1,222901
2519,육전면사무소,(주)인지상정HN,기타 외식,,19,10,-9,-47.4,,,감소,1,10,216043
2520,#힘이나는커피생활,(주)따름인,커피,,10,10,0,0,,,유지,3,3,214829
2521,자성당쫄면,(주)케이제이컴퍼니,기타 외식,14,12,10,-2,-16.7,-4,-28.6,3년 연속 감소,0,2,214675
2522,김해시락국밥,(주)토장원,한식,14,12,10,-2,-16.7,-4,-28.6,3년 연속 감소,0,2,213568
2523,손커피연구소,(주)손커피컴퍼니,커피,11,9,10,1,11.1,-1,-9.1,증가,2,1,213350
2524,미방,㈜미방,기타 외식,15,11,10,-1,-9.1,-5,-33.3,3년 연속 감소,2,3,204382
2525,초가네장어구이,초가네장어구이,한식,17,14,10,-4,-28.6,-7,-41.2,3년 연속 감소,0,4,202304
2526,가산팔복초밥,(주)루센트,일식,13,13,10,-3,-23.1,-3,-23.1,감소,2,5,195718
2527,제이브이엘(JVL)부대찌개,(주)제이브이엘,한식,11,10,10,0,0,-1,-9.1,유지,1,1,191537
2528,라떼킹(Latteking),블루빈컴퍼니(주),커피,9,10,10,0,0,1,11.1,유지,5,5,190619
2529,인생장칼,(주)알에스푸드빌,한식,,7,10,3,42.9,,,증가,4,1,180323
2530,고래국밥1980,고래드림,한식,,8,10,2,25,,,증가,2,0,180000
2531,사랑담은묵은지찜찌개,(주)사랑담은,한식,20,14,10,-4,-28.6,-10,-50,3년 연속 감소,1,5,178613
2532,권사부 순대국,권사부순대국본점,한식,33,32,10,-22,-68.7,-23,-69.7,3년 연속 감소,0,22,166400
2533,더롤드더건강한쌈,매일에프앤비(주),기타 외국식,,,10,,,,,이전 자료 없음,3,0,166278
2534,수철이네왕새우튀김,(주)수철에프앤비,분식,24,13,10,-3,-23.1,-14,-58.3,3년 연속 감소,0,3,160544
2535,국민통닭,(주)국민스타즈,치킨,12,9,10,1,11.1,-2,-16.7,증가,4,3,158387
2536,로얄자카르타,(주)청욱,주점,14,15,10,-5,-33.3,-4,-28.6,감소,0,5,150649
2537,그립닭,에스와이에프앤비(SYFnB),한식,,8,10,2,25,,,증가,2,0,146005
2538,샐요뜨,샐요뜨,서양식,10,11,10,-1,-9.1,0,0,감소,1,2,140339
2539,돼지새마을본부,돼지새마을푸드,한식,,,10,,,,,이전 자료 없음,1,0,136358
2540,쇼부,(주)에이앤제이코퍼레이션,일식,,12,10,-2,-16.7,,,감소,0,2,133563
2541,샵샵,샵샵,일식,,3,10,7,233.3,,,증가,7,0,131328
2542,OPPA COFFEE(오피피에이 커피),(주)엘리얼티개발,커피,11,11,10,-1,-9.1,-1,-9.1,감소,1,2,116545
2543,크로엔젤,(주)엘에이치지,제과제빵,12,15,10,-5,-33.3,-2,-16.7,감소,0,5,115860
2544,진심커피,(주)하영에프앤비,커피,,11,10,-1,-9.1,,,감소,1,2,115247
2545,모리셔스브라운(Mauritius Brown),(주)서진에프앤비,음료 (커피 외),13,15,10,-5,-33.3,-3,-23.1,감소,0,5,93797
2546,홍콩다방,(주)홍콩다방코리아,음료 (커피 외),28,17,10,-7,-41.2,-18,-64.3,3년 연속 감소,0,7,90060
2547,페르케노,(주)이랜드이츠,아이스크림/빙수,4,9,10,1,11.1,6,150,3년 연속 증가,1,0,88532
2548,떼루와,(주)떼루와,커피,17,16,10,-6,-37.5,-7,-41.2,3년 연속 감소,1,7,82532
2549,슈퍼커피,(주)블랙돗트,커피,19,14,10,-4,-28.6,-9,-47.4,3년 연속 감소,0,4,81999
2550,커피다스1리터,㈜다온에프앤비(다온F&B),커피,29,15,10,-5,-33.3,-19,-65.5,3년 연속 감소,0,5,78194
2551,해밍턴부대찌개곱창전골,(주)제이에이치엘컴퍼니,한식,23,14,10,-4,-28.6,-13,-56.5,3년 연속 감소,1,5,78159
2552,유케야,(주)야푸드,주점,36,20,10,-10,-50,-26,-72.2,3년 연속 감소,0,10,77372
2553,DDC치킨,에스엠(SM)푸드,치킨,13,10,10,0,0,-3,-23.1,유지,0,0,75788
2554,꿀스커피GGUL'S COFFEE,(주)정직한,커피,,16,10,-6,-37.5,,,감소,0,6,71396
2555,호키네유부,(주)디오스글로벌,일식,12,11,10,-1,-9.1,-2,-16.7,3년 연속 감소,0,1,67165
2556,내가찜한코다리찜,내가찜한코다리찜(내찜코),한식,10,10,10,0,0,0,0,유지,0,0,60670
2557,폴러스타커피,폴러스타커피,커피,,8,10,2,25,,,증가,3,1,54961
2558,아이러브피자&치킨,㈜더난푸드,치킨,22,14,10,-4,-28.6,-12,-54.5,3년 연속 감소,0,4,52797
2559,세수대야,장원식품,기타 외식,12,12,10,-2,-16.7,-2,-16.7,감소,1,3,42941
2560,장미꽃 떡볶이&라면,장미꽃떡볶이,분식,,14,10,-4,-28.6,,,감소,2,6,42483
2561,와인투고(wine to go),(주)투고컴퍼니,서양식,,11,10,-1,-9.1,,,감소,9,10,37775
2562,크로하우스,크로하우스(CRO-HOUSE),제과제빵,,,10,,,,,이전 자료 없음,10,0,24253
2563,치떠끼,(주)우분트,분식,12,11,10,-1,-9.1,-2,-16.7,3년 연속 감소,2,4,23988
2564,파더스김밥,(주)미셰프,분식,15,15,10,-5,-33.3,-5,-33.3,감소,1,6,22910
2565,라떼떼,(주)엘에이치지,커피,12,12,10,-2,-16.7,-2,-16.7,감소,0,2,19006
2566,히죽,8686푸드,한식,,,10,,,,,이전 자료 없음,10,5,12419
2567,브라더탕수,FBFOOD에프비푸드,기타 외식,,19,10,-9,-47.4,,,감소,0,9,2820
2568,양호실떡볶이,(주)올데이프레쉬,분식,30,18,10,-8,-44.4,-20,-66.7,3년 연속 감소,0,8,1227
2569,더꾸닭꾸두마리치킨,(주)충청식품,치킨,,,10,,,,,이전 자료 없음,10,0,
2570,쌍칼국수86,프렌즈뷰,한식,10,10,10,0,0,0,0,유지,0,0,
2571,요거트가족,(주)와이앤엠코리아,아이스크림/빙수,,,10,,,,,이전 자료 없음,10,0,
2572,오징어와친구들,(주)미래원에프앤씨,기타 외식,9,10,10,0,0,1,11.1,유지,0,0,
2573,킨크커피,(주)세컨드유레카,커피,,,10,,,,,이전 자료 없음,10,0,
2574,알바트로스,세음에프앤비,주점,11,11,10,-1,-9.1,-1,-9.1,감소,0,1,
2575,피자투어,54번가푸드컨설팅,피자,15,,10,,,-5,-33.3,감소(2년 비교),0,4,
2576,넛츠비어,(주)고씨네푸드,주점,,4,10,6,150,,,증가,8,2,
2577,떡볶당,(주)엔에이치에프,분식,18,10,10,0,0,-8,-44.4,유지,0,0,
2578,몬도커피츄러스,몬도에프엔비(주),커피,,,10,,,,,이전 자료 없음,10,0,
